date,time,evolution condition,replicate #,OD600(1:10 dil),coulter counter,mean size,mode,median size,colonies on 1st YPD plate (100uL of 10^-5 dilution or 100ul of 10^-4/10),colonies on 2nd YPD plate (100uL of 10^-5 dilution or 100ul of 10^-4/10),cell/mL from plating,colonies on 1st URA- plate (100uL of 10^-5 dilution or 100ul of 10^-4/10),colonies on 2nd URA- plate (100uL of 10^-5 dilution or 100ul of 10^-4/10),URA+ cells/mL,% URA+,transfer #,timepoint,volume transfered (mL),total URA- cells transfered,number of diploids,total colonies screened,% diploid,notes,notes,notes,wells with diploids,wells to exclude because of poor screen,wells with haploids,wells with possible haploids,generations,population
8/3/21,,10 day,"1,2,3",0.017,8.52E+06,,,,3.04,2.65,2845000,2.4,2.43,2415000,0.848857645,0,-1,100,241500000,,,#DIV/0!,frozen aliquot grown in 5x delft w/ 2 gluc.,pool1,inoculated with 400ul aliquot,,,,,-8,10 day44199
8/4/21,,10 day,"1,2,3",,2.21E+08,,,,,,0,,,0,#DIV/0!,1,0,0.6,0,,,#DIV/0!,0.5mL inoculated into 3 cultures w/ M05 media,,,,,,,0,
8/14/21,11:00 AM,10 day,1,0.624,3.68E+08,,,,30,29,29500000,29,29,29000000,0.983050848,2,1,0.6,17400000,,,#DIV/0!,,,,,,,,8,
8/14/21,11:00 AM,10 day,2,0.647,2.88E+08,,,,275,323,299000000,301,331,316000000,1.056856187,2,1,0.6,189600000,,,#DIV/0!,,,,,,,,8,
8/14/21,11:00 AM,10 day,3,0.631,2.88E+08,,,,446,405,425500000,425,424,424500000,0.997649824,2,1,0.6,254700000,,,#DIV/0!,,,,,,,,8,
8/24/21,11:10 AM,10 day,1,0.057,4.17E+07,,,,12,16,14000000,10,10,10000000,0.714285714,3,2,0.5,5000000,,,#DIV/0!,low density,,,,,,,16,
8/24/21,11:10 AM,10 day,2,0.32,1.32E+08,,,,13,28,20500000,22,24,23000000,1.12195122,3,2,0.5,11500000,,,#DIV/0!,culture was yellow in color,,,,,,,16,
8/24/21,11:10 AM,10 day,3,0.309,1.19E+08,,,,96,107,101500000,104,127,115500000,1.137931034,3,2,0.5,57750000,,,#DIV/0!,culture was yellow in color,,,,,,,16,
8/31/21,3:45 PM,8 day ,"1,2,3",0.016,1.26E+07,,,,6.6,4.4,5500000,6.7,4.6,5650000,1.027272727,0,-1,100,565000000,,,#DIV/0!,frozen aliquot grown in 5x delft w/ 2 gluc.,pool3,inoculated with 400ul aliquot,,,,,-8,
9/1/21,11:30 AM,8 day ,"1,2,3",0.499,1.82E+08,,,,191,193,192000000,198,203,200500000,1.044270833,1,0,0.7,140350000,,,#DIV/0!,3 replicates established,pool3,,,,,,0,
9/2/21,3:15 PM,6 day,"1,2,3",0.014,1.44E+07,,,,4.9,4.9,4900000,4.2,5,4600000,0.93877551,0,-1,100,460000000,,,#DIV/0!,a pool4 400ul aliquot was added to 100mL of 5xdelft w/ 2%glucose,looked good under microscope,,,,,,-8,
9/3/21,1:15 PM,6 day,"1,2,3",0.533,3.09E+08,,,,181,180,180500000,172,219,195500000,1.083102493,1,0,0.7,136850000,,,#DIV/0!,0.7 mL inoculated into 3 M05 cultures,grew on hygromycin,,,,,,0,
9/3/21,2:00 PM,10 day,1,0.514,2.19E+08,,,,21,24,22500000,17,24,20500000,0.911111111,4,3,1,20500000,,,#DIV/0!,"some clumbing, some clusters look like grapes, but looks good",grew on hygromycin,,,,,,24,
9/3/21,2:00 PM,10 day,2,0.512,1.92E+08,,,,37,50,43500000,40,41,40500000,0.931034483,4,3,1,40500000,,,#DIV/0!,looks good,grew on hygromycin,,,,,,24,
9/3/21,2:00 PM,10 day,3,0.618,2.90E+08,,,,85,95,90000000,78,109,93500000,1.038888889,4,3,0.8,74800000,,,#DIV/0!,looks good,grew on hygromycin,,,,,,24,
9/9/21,1:00 PM,6 day,"1,2",0.687,2.75E+08,,,,81,92,86500000,94,101,97500000,1.12716763,2,1,0.8,78000000,,,#DIV/0!,looks good,replicate 2 was used to restablish replicate 1,,,,,,8,
9/9/21,1:00 PM,6 day,3,0.676,3.19E+08,,,,145,152,148500000,151,176,163500000,1.101010101,2,1,0.8,130800000,,,#DIV/0!,looks good,,,,,,,8,
9/9/21,2:00 PM,8 day,1,0.659,2.97E+08,,,,69,73,71000000,80,82,81000000,1.14084507,2,1,0.8,64800000,,,#DIV/0!,looks good,,,,,,,8,
9/9/21,2:00 PM,8 day,2,0.653,2.88E+08,,,,44,58,51000000,59,63,61000000,1.196078431,2,1,0.8,48800000,,,#DIV/0!,looks good,,,,,,,8,
9/9/21,2:00 PM,8 day,3,0.66,3.09E+08,,,,74,51,62500000,79,77,78000000,1.248,2,1,0.8,62400000,,,#DIV/0!,looks good,,,,,,,8,
9/13/21,3:00 PM,10 day,1,0.688,2.92E+08,,,,94,100,97000000,123,124,123500000,1.273195876,5,4,0.8,98800000,,,#DIV/0!,"some clumbing, some clusters look like grapes, but looks good",,,,,,,32,
9/13/21,3:00 PM,10 day,2,0.563,1.93E+08,,,,41,37,39000000,36,38,37000000,0.948717949,5,4,0.8,29600000,,,#DIV/0!,some heterogeneity but looks good,,,,,,,32,
9/13/21,3:00 PM,10 day,3,0.682,2.79E+08,,,,82,80,81000000,84,72,78000000,0.962962963,5,4,0.8,62400000,,,#DIV/0!,some heterogeneity but looks good,,,,,,,32,
9/15/21,1:00 PM,6 day,1,,,,,,,,0,,,0,#DIV/0!,3,2,,0,,,#DIV/0!,mold contamination,throw away culture and restarted from new pool,,,,,,16,
9/15/21,1:00 PM,6 day,2,,,,,,,,0,,,0,#DIV/0!,3,2,,0,,,#DIV/0!,mold contamination,throw away culture and restarted from new pool,,,,,,16,
9/15/21,1:00 PM,6 day,3,,,,,,,,0,,,0,#DIV/0!,3,2,,0,,,#DIV/0!,mold contamination,throw away culture and restarted from new pool,,,,,,16,
9/17/21,2:00 PM,8 day,1,0.607,2.23E+08,,,,60,58,59000000,81,71,76000000,1.288135593,3,2,0.7,53200000,,,#DIV/0!,looks good under microscope,,,,,,,16,
9/17/21,2:00 PM,8 day,2,0.622,2.72E+08,,,,44,39,41500000,53,59,56000000,1.34939759,3,2,0.7,39200000,,,#DIV/0!,looks good under microscope,,,,,,,16,
9/17/21,2:00 PM,8 day,3,0.612,2.52E+08,,,,58,65,61500000,61,72,66500000,1.081300813,3,2,0.7,46550000,,,#DIV/0!,looks good under microscope,,,,,,,16,
9/23/21,1:30 PM,10 day,1,,,,,,,,0,,,0,#DIV/0!,,,,0,,,#DIV/0!,mold contamination,threw away culture and restarted from previous timepoint,,,,,,0,
9/23/21,1:30 PM,10 day,2,,,,,,,,0,,,0,#DIV/0!,,,,0,,,#DIV/0!,mold contamination,threw away culture and restarted from previous timepoint,,,,,,0,
9/23/21,1:30 PM,10 day,3,,,,,,,,0,,,0,#DIV/0!,,,,0,,,#DIV/0!,mold contamination,threw away culture and restarted from previous timepoint,,,,,,0,
9/23/21,2:00 PM,10 day,1,0.011,6.57E+06,,,,0.2,0.6,400000,0,0.5,250000,0.625,5,4,,0,3,13,23.07692308,restarted culture from T4 frozen aliquots,,,,,,,32,
9/23/21,2:00 PM,10 day,2,0.015,7.05E+06,,,,0.5,0.5,500000,0.6,0.1,350000,0.7,5,4,,0,4,17,23.52941176,restarted culture from T4 frozen aliquots,,,,,,,32,
9/23/21,2:00 PM,10 day,3,0.017,8.43E+06,,,,1.3,1,1150000,1.7,1.2,1450000,1.260869565,5,4,,0,4,52,7.692307692,restarted culture from T4 frozen aliquots,,,,,,,32,
9/24/21,1:45 PM,6 day,"1,2,3",0.012,5.93E+06,,,,1,1.1,1050000,3.1,2.9,3000000,2.857142857,0,-1,100,300000000,0,80,0,started 6 day evolutions from pool5 400ul aliquot,looked good under microscope,,,,,,-8,
9/25/21,3:00 PM,6 day,"1,2,3",0.522,1.86E+08,,,,179,189,184000000,213,184,198500000,1.078804348,1,0,0.7,138950000,2,95,2.105263158,started 3 replicate cultures in M05,,,,,,,0,
9/25/21,3:30 PM,8 day,1,0.579,1.72E+08,,,,86,85,85500000,126,139,132500000,1.549707602,4,3,0.8,106000000,3,95,3.157894737,looks good under microscope,,,,,,,24,
9/25/21,3:30 PM,8 day,2,0.636,2.36E+08,,,,53,60,56500000,68,67,67500000,1.194690265,4,3,0.8,54000000,15,95,15.78947368,looks good under microscope,,,,,,,24,
9/25/21,3:30 PM,8 day,3,0.631,2.05E+08,,,,49,47,48000000,68,47,57500000,1.197916667,4,3,0.8,46000000,31,95,32.63157895,looks good under microscope,,,,,,,24,
10/1/21,1:30 PM,6 day,1,0.684,3.21E+08,,,,81,113,97000000,103,105,104000000,1.072164948,2,1,0.8,83200000,2,92,2.173913043,looks good under microscope,,,"D5, H6",,,,8,
10/1/21,1:30 PM,6 day,2,0.712,3.25E+08,,,,126,106,116000000,111,88,99500000,0.857758621,2,1,0.8,79600000,1,92,1.086956522,looks good under microscope,,,E5,,,,8,
10/1/21,1:30 PM,6 day,3,0.683,2.75E+08,,,,131,118,124500000,123,116,119500000,0.959839357,2,1,0.8,95600000,1,92,1.086956522,looks good under microscope,,,F8,,,,8,
10/3/21,1:15 PM,10 day,1,0.635,1.87E+08,,,,106,106,106000000,84,98,91000000,0.858490566,6,5,0.7,63700000,4,92,4.347826087,looks good under microscope,,,"A9,B10,E1,G8",,,,40,
10/3/21,1:15 PM,10 day,2,0.635,1.57E+08,,,,32,42,37000000,45,40,42500000,1.148648649,6,5,0.7,29750000,30,92,32.60869565,looks good under microscope,,,"A6,B2,B12,C6,D3,D11,E2,E3,E4,E5,E6,E10,F1,F2,F7,F8,F9,G1,G2,G3,G4,G5,G6,G7,G8,G10,G11,H1,H2,H3,H4,H5",,,,40,
10/3/21,1:15 PM,10 day,3,0.499,2.09E+08,,,,104,86,95000000,84,78,81000000,0.852631579,6,5,0.7,56700000,8,92,8.695652174,looks good under microscope,,,"A9,B10,C4,D2,E9,F11,G1,G6",,,,40,
10/3/21,2:30 PM,8 day,1,0.593,2.78E+08,,,,24,30,27000000,31,22,26500000,0.981481482,5,4,0.7,18550000,1,92,1.086956522,looks good under microscope,,,H1,,,,32,
10/3/21,2:30 PM,8 day,2,0.562,1.38E+08,,,,21,17,19000000,24,11,17500000,0.921052632,5,4,0.9,15750000,20,68,29.41176471,looks good under microscope,,,"A2,A6,B2,B4, B7,B9,B10,C1,C2,C8,C9,C10,D1,D2,D4,D11,E1,E3,F1,F2,F4",,,,32,
10/3/21,2:30 PM,8 day,3,0.583,2.29E+08,,,,11,17,14000000,24,23,23500000,1.678571429,5,4,0.9,21150000,5,72,6.944444444,looks good under microscope,,,"B9,B10,B11,C10,E12",,,,32,
10/7/21,1:15 PM,6 day,1,0.735,3.43E+08,,,,156,154,155000000,138,159,148500000,0.958064516,3,2,0.6,89100000,0,92,0,looks good under microscope,,,,,,,16,
10/7/21,1:15 PM,6 day,2,0.727,3.04E+08,,,,141,142,141500000,167,171,169000000,1.19434629,3,2,0.6,101400000,0,92,0,looks good under microscope,,,,,,,16,
10/7/21,1:15 PM,6 day,3,0.718,3.09E+08,,,,158,141,149500000,172,177,174500000,1.16722408,3,2,0.6,104700000,1,92,1.086956522,looks good under microscope,,,A10,,,,16,
10/11/21,1:15 PM,8 day,1,,,,,,,,0,,,0,#DIV/0!,6,5,0.8,0,,,#DIV/0!,mold contamination visible,restarted a new replicate #3b from replicate #3,,,,,,40,
10/11/21,1:15 PM,8 day,2,0.568,1.48E+08,,,,25,13,19000000,23,15,19000000,1,6,5,0.8,15200000,2,74,2.702702703,looked good under microscope,,,"A8,F2",,,,40,
10/11/21,1:15 PM,8 day,3,0.587,1.60E+08,,,,13,13,13000000,18,17,17500000,1.346153846,6,5,0.8,14000000,4,60,6.666666667,looked good under microscope,,,"A6,A8,F5,F10",,,,40,
10/13/21,10:00 AM,10 day,1,0.648,2.03E+08,,,,70,46,58000000,47,68,57500000,0.99137931,7,6,0.6,34500000,10,88,11.36363636,looked good under microscope,larger cells,,"B4,B11,E1,F3,F6.F7,F8,G2,G4,H7",,,,48,
10/13/21,10:00 AM,10 day,2,0.595,1.61E+08,,,,54,63,58500000,57,56,56500000,0.965811966,7,6,0.8,45200000,9,92,9.782608696,looked good under microscope,larger cells,,"C10,F1,F3,G2,G5,G12,H3,H4,H5,",,,,48,
10/13/21,10:00 AM,10 day,3,0.638,2.18E+08,,,,205,190,197500000,193,199,196000000,0.992405063,7,6,0.6,117600000,12,92,13.04347826,looked good under microscope,smaller cells,,"F2,G4,G5,G6,G7,H2,H3,H4,H5,H6,H7,H8",,,,48,
10/13/21,1:40 PM,6 day,1,0.721,2.55E+08,,,,136,110,123000000,123,132,127500000,1.036585366,4,3,0.5,63750000,5,92,5.434782609,looked good under microscope,,,"D9,E8,F3,G1,H8",,,,24,
10/13/21,1:40 PM,6 day,2,0.733,2.65E+08,,,,126,84,105000000,159,111,135000000,1.285714286,4,3,0.5,67500000,1,92,1.086956522,looked good under microscope,,,H5,,,,24,
10/13/21,1:40 PM,6 day,3,0.725,2.55E+08,,,,114,108,111000000,124,124,124000000,1.117117117,4,3,0.5,62000000,4,92,4.347826087,looked good under microscope,,,"B6,D6,E8,G10",,,,24,
10/19/21,9:30 AM,8 day,2,0.579,1.88E+08,,,,19,18,18500000,27,29,28000000,1.513513514,7,6,1,28000000,20,89,22.47191011,looked good under microscope,,,"A2,A3,A12,B3,B4,B6,B8,B10,C3,C4,D10,E1,E6,F2, G1,G3, H1,H2,H4,H5",,,,48,
10/19/21,9:30 AM,8 day,3,0.61,1.55E+08,,,,10,11,10500000,8,18,13000000,1.238095238,7,6,1,13000000,3,47,6.382978723,looked good under microscope,,,"A7,B4,B12",,,,48,
10/19/21,9:30 AM,8 day,3b,0.563,2.30E+08,,,,24,8,16000000,14,16,15000000,0.9375,7,6,1,15000000,7,63,11.11111111,looked good under microscope,,,"A1,A11,A12,B9,C3,E12,F3",,,,48,
10/19/21,1:40 PM,6 day,1,0.63,1.52E+08,,,,74,75,74500000,143,108,125500000,1.684563758,5,4,0.4,50200000,14,92,15.2173913,looked good under microscope,,,"A1,A4,A9,A12,B1,B6,B7,B10,B11,C7,C10,F1,G3,G10",,,,32,
10/19/21,1:40 PM,6 day,2,0.69,2.16E+08,,,,87,119,103000000,122,129,125500000,1.218446602,5,4,0.4,50200000,7,92,7.608695652,looked good under microscope,,,"A7,B11,C1,D10,F11,G6,G9",,,,32,
10/19/21,1:40 PM,6 day,3,0.654,2.55E+08,,,,130,81,105500000,127,148,137500000,1.303317536,5,4,0.4,55000000,4,92,4.347826087,looked good under microscope,,,"A8,B3,B6,C12",,,,32,
10/23/21,12:15 PM,10 day,1,0.646,2.08E+08,,,,39,52,45500000,65,52,58500000,1.285714286,8,7,0.5,29250000,0,92,0,looked good under microscope,larger cells,smaller colonies on plates and appeared visiually less dense in M05 after 3 days,,,,,56,
10/23/21,12:15 PM,10 day,2,0.548,1.64E+08,,,,54,45,49500000,54,48,51000000,1.03030303,8,7,0.5,25500000,1,92,1.086956522,looked good under microscope,larger cells,,B7,,,,56,
10/23/21,12:15 PM,10 day,3,0.608,3.34E+08,,,,34,21,27500000,42,26,34000000,1.236363636,8,7,0.4,13600000,0,91,0,looked good under microscope,smaller cells,,,E6,,,56,
10/25/21,1:40 PM,6 day,1,0.664,2.22E+08,,,,74,83,78500000,87,79,83000000,1.057324841,6,5,0.4,33200000,14,91,15.38461538,looked good under microscope,variable cell size,,"B3,B5,B6,D1,D4,D9,E10,F1,F2,F7,G4,G12,H2,H5",,,,40,
10/25/21,1:40 PM,6 day,2,0.648,2.30E+08,,,,141,146,143500000,118,119,118500000,0.825783972,6,5,0.4,47400000,6,92,6.52173913,looked good under microscope,variable cell size,,"B2,D3,G1,G2,G6,G12",,,,40,
10/25/21,1:40 PM,6 day,3,0.635,2.20E+08,,,,112,128,120000000,106,111,108500000,0.904166667,6,5,0.4,43400000,5,92,5.434782609,looked good under microscope,variable cell size,some cells with two buds observed (mickey mouse),"B5,B11,D7,D12,E12",,,,40,
10/27/21,11:00 AM,8 day,2,0.523,1.26E+08,,,,13,19,16000000,5,8,6500000,0.40625,8,7,1,6500000,1,43,2.325581395,looked good under microscope,,,A6,,,,56,
10/27/21,11:00 AM,8 day,3,0.528,1.35E+08,,,,7,6,6500000,4,7,5500000,0.846153846,8,7,1,5500000,11,22,50,looked good under microscope,,,"D12,E1,E2,E3,E6,E8,E10,E11,F2,F3,F4",,,,56,
10/27/21,11:00 AM,8 day,3b,0.561,1.31E+08,,,,8,9,8500000,4,5,4500000,0.529411765,8,7,1,4500000,14,23,60.86956522,looked good under microscope,,,"F6,F7,G2,G5,G7,G10,G11,G12,H1,H2,H3,H8,H11,H12",H5-7,,,56,
10/31/21,12:45 PM,6 day,1,0.609,2.03E+08,,,,117,103,110000000,104,,104000000,0.945454546,7,6,0.6,62400000,29,90,32.22222222,looked good under microscope,,,"A4,A9,A12, B1,B3, B6, B8, B9, C2, C3, C11, D2,E3,E8, E12, F4,F6,G1,G2,G3,G5,G6,G7,G10,G12,H1,H2,H5,H6",E1,,,48,
10/31/21,12:45 PM,6 day,2,0.567,1.51E+08,,,,74,72,73000000,78,72,75000000,1.02739726,7,6,0.5,37500000,26,92,28.26086957,looked good under microscope,,,"A9,A11,B6,B8,B9,B11,C1,C5,C10,C11,C12,D6,D8,E2, E6,E7,E10,F1,F5,G5,G7,G8,G9,H1,H2,H6",,,,48,
10/31/21,12:45 PM,6 day,3,0.58,1.69E+08,,,,93,80,86500000,96,95,95500000,1.104046243,7,6,0.5,47750000,15,92,16.30434783,looked good under microscope,,,"A1, A3,A4,A5,C11,D4,D11,E1,E7,F8,F10,F11,H1,H3,H4",,,,48,
11/2/21,12:50 PM,10 day,1,0.619,2.30E+08,39.45,,33.25,45,54,49500000,53,46,49500000,1,9,8,0.8,39600000,10,92,10.86956522,looked good under microscope,smaller cells,,"A7,A9,C2,C8,C11,D4,E12,F7,H1,H3,H5",,,,64,
11/2/21,12:50 PM,10 day,2,0.562,1.37E+08,90.61,,78.42,59,58,58500000,75,69,72000000,1.230769231,9,8,0.8,57600000,0?,92,#VALUE!,looked good under microscope,larger cells,,?,,,,64,
11/2/21,12:50 PM,10 day,3,0.526,1.63E+08,48.12,,40.78,84,65,74500000,69,78,73500000,0.986577181,9,8,1,73500000,11?,92,#VALUE!,looked good under microscope,smaller cells,,"A2,A3,A6,A9,A10,D9,G5,H3,H5,H7,H8",other wells may be diploid,,,64,
11/4/21,1:30 PM,8 day,2,0.498,1.17E+08,83.59,15.68,72.15,42,40,41000000,42,41,41500000,1.012195122,9,8,2,83000000,2?,92,#VALUE!,looked good under microscope,small chance that #2 and #3 glycerol cryotubes were switched by accident.,everything else is definetly good,"F12,H7",,,,64,
11/4/21,1:30 PM,8 day,3,0.526,1.13E+08,79.35,43.29,69.64,46,25,35500000,36,35,35500000,1,9,8,2,71000000,1?,92,#VALUE!,looked good under microscope,small chance that #2 and #3 glycerol cryotubes were switched by accident,everything else is definetly good,F1,,,,64,
11/4/21,1:30 PM,8 day,3b,0.529,1.02E+08,90.85,90.97,83.44,32,39,35500000,40,26,33000000,0.929577465,9,8,2,66000000,6?,92,#VALUE!,looked good under microscope,,,"A12,F3,F10,G10,H5,H8",,,,64,
11/6/21,2:00 PM,6 day,1,0.58,1.97E+08,59.15,16.94,45.8,136,97,116500000,122,95,108500000,0.931330472,8,7,0.4,43400000,11,92,11.95652174,looked good under microscope,,,"A1,A2,A6,A8,B7,C5,C7,D4,D7,E12,H1,",,,,56,
11/6/21,2:00 PM,6 day,2,0.474,1.36E+08,75.4,15.68,50.82,58,43,50500000,47,53,50000000,0.99009901,8,7,0.6,30000000,39,92,42.39130435,looked good under microscope,,,"A1,A4,A8,A9,B1,B4,B8,C1,C3,C4,C5,C7,C9,C12,D4,D7,D9,D10,D11,E1,E4,E5,E11,F4,F7,F10,F12,G2,G6,G7,G8,G10,G11,G12,H1,H2,H5,H6,H8",,,,56,
11/6/21,2:00 PM,6 day,3,0.497,1.59E+08,63.92,16.94,48.31,40,51,45500000,54,53,53500000,1.175824176,8,7,0.5,26750000,23,92,25,looked good under microscope,,,"A1,A2,A3,A5,A7,B12,C2,C3,C4,C5,C6,C12,D6,D9,E2,E4,E7,E8,E12,F1,G9,H5,H6",,,,56,
11/12/21,9:05 AM,10 day,1,0.598,2.00E+08,40.09,15.68,33.25,59,63,61000000,69,47,58000000,0.950819672,10,9,0.8,46400000,,,#DIV/0!,looked good under microscope,smaller cells,growth in blank/plates may contain contamination,,,,,72,
11/12/21,9:05 AM,10 day,2,0.559,1.69E+08,89.74,53.33,77.17,66,79,72500000,74,68,71000000,0.979310345,10,9,0.7,49700000,,,#DIV/0!,looked good under microscope,,growth in blank/plates may contain contamination,,,,,72,
11/12/21,9:05 AM,10 day,3,0.509,1.49E+08,53.36,38.27,44.54,88,77,82500000,90,83,86500000,1.048484848,10,9,0.6,51900000,,,#DIV/0!,looked good under microscope,smaller cells,growth in blank/plates may contain contamination,,,,,72,
11/12/21,10:50 AM,8 day,2,0.487,1.18E+08,81.09,68.38,73.4,69,75,72000000,81,71,76000000,1.055555556,10,9,1,76000000,2,92,2.173913043,looked good under microscope,,,"B2,C4",,,,,
11/12/21,10:50 AM,8 day,3,0.523,1.86E+08,73.68,47.05,60.85,33,16,24500000,22,14,18000000,0.734693878,10,9,1,18000000,28,48,58.33333333,looked good under microscope,,,,,"A3,A4,A5,A6,A9.B1,B5,B6,B8,C2,C3,C10,C11,D2,D4,D6,D8,D9",,,
11/12/21,10:50 AM,8 day,3b,0.525,1.34E+08,75.01,50.82,63.36,18,11,14500000,8,8,8000000,0.551724138,10,9,1,8000000,13,44,29.54545455,looked good under microscope,,,"E1,E2,F1,F4,F10,G1,G3,G9,G11,G12,H1,H2,H3",,,,,
11/12/21,1:25 PM,6 day,1,0.573,1.78E+08,65.27,15.68,48.31,80,86,83000000,69,97,83000000,1,9,8,0.6,49800000,15,92,16.30434783,looked good under microscope,heterogeneous cell size,,"A3,A6,B6,C6,D4,E2,E11,F4,F12,G1,G2,G3,G11,H3,H8",,,,,
11/12/21,1:25 PM,6 day,2,0.444,1.14E+08,91.1,14.43,65.87,33,38,35500000,33,42,37500000,1.056338028,9,8,0.8,30000000,75,92,81.52173913,looked good under microscope,,,,,"A2,A4,B12,C9,C10,C11,D12,E11,F4,F8,G1,G6,G11,G12,H2,H5,H8",,,
11/12/21,1:25 PM,6 day,3,0.478,1.30E+08,67.58,15.68,52.07,54,47,50500000,49,48,48500000,0.96039604,9,8,0.9,43650000,24,92,26.08695652,looked good under microscope,some weird,,"A7,A8,B2,B3,B7,B8,B11,B12,C1,C5,C7,C9,C10,D2,D3,D4,D6,D9,E4,F9,G6,G7,H4,H5",,,,,
11/18/21,11:45 AM,6 day,1,0.493,1.70E+08,70.08,16.94,50.82,42,33,37500000,54,45,49500000,1.32,10,9,0.6,29700000,50,92,54.34782609,looked good under microscope,maybe some filamentous growth or dead cell debris,,,,"A2,A8,A9,A10,A12,B1,B4,B6,B7,B9,B10,B12,C2,C4,C7,C10,C12,D2,D5,D8,D11,E1,E2,E4,E5,E8,E9,E12,F2,F6,F8,F11,F12,G1,G5,G6,G7,G9,G10,G12,H2,H3",,,
11/18/21,11:45 AM,6 day,2,0.454,1.31E+08,90.35,15.68,65.87,22,29,25500000,25,33,29000000,1.137254902,10,9,0.7,20300000,73,92,79.34782609,looked good under microscope,maybe some filamentous growth or dead cell debris,,,,"A3,A4,A10,B4,B8,C6,C7,C8,D1,D7,D10,E3,E10,E11,G1,G3,G4,G9,H1",,,
11/18/21,11:45 AM,6 day,3,0.005,4.75E+06,51.09,14.43,33.25,34,,34000000,38,,38000000,1.117647059,8,7,0.4,15200000,,,#DIV/0!,white contamination growth on glass,restarted from T7 frozen aliquot,plated 10^-3 dilution of newly inoculated culture,,,,,,
11/20/21,3:45 PM,8 day,2,0.521,1.38E+08,82.35,15.68,72.15,39,36,37500000,41,46,43500000,1.16,11,10,0.7,30450000,10,92,10.86956522,looked good under microscope,,,"A1,A2,A3,A4,A5,A6,A12,B1,B2,D6",,,,,
11/20/21,3:45 PM,8 day,3,0.517,1.00E+08,97.62,14.43,90.97,27,25,26000000,24,32,28000000,1.076923077,11,10,1.4,39200000,17,91,18.68131868,looked good under microscope,,,"A1,B1,B2,B7,B8,C4,C10,C11,D10,D12,E1,E5,F6,F7,G9,G10,G12,H8",,,,,
11/20/21,3:45 PM,8 day,3b,0.508,9.72E+07,102.01,14.43,97.24,25,25,25000000,24,35,29500000,1.18,11,10,2,59000000,9,92,9.782608696,looked good under microscope,,,"A4,A9,C10,D2,D5,E12,F7,G1,H3",,,,,
11/22/21,2:00 PM,10 day,1,0.634,2.66E+08,47.54,16.94,38.27,38,?,38000000,0,0,0,0,11,10,0.6,0,5,32,15.625,looked good under microscope,smaller cells,clones from 10day #1 and #2 saved on the same plate,"A5,A12,B2,C1,C3",,,,,
11/22/21,2:00 PM,10 day,2,0.579,1.49E+08,91.16,16.94,75.91,61,83,72000000,17,4,10500000,0.145833333,11,10,0.6,6300000,13,60,21.66666667,looked good under microscope,,clones from 10day #1 and #2 saved on the same plate,"D9,D10,E12,F2,F9,F10,F11,F12,G2,G10,G12,H1,H2,H10,H12,G1,G2,G4,G5,G6,G7",,,,,
11/22/21,2:00 PM,10 day,3,0.5,1.61E+08,51.96,15.68,43.29,136,149,142500000,161,151,156000000,1.094736842,11,10,0.6,93600000,81,92,88.04347826,looked good under microscope,some smaller cells,,,,"A4,B6,C5,E11,E12,F3,F4,F5,F8,F10,G9",,,
11/24/21,12:40 PM,6 day,1,0.463,1.39E+08,77.86,15.68,54.58,43,26,34500000,28,36,32000000,0.927536232,11,10,0.6,19200000,69,92,75,looked good under microscope,two types of colonies. one has debris the other does not. see photo.,,,,"A1,A4,A6,A7,A10,A2,A7,C2,C5,D3,D9,E1,E2,E5,E8,F1,F2,F4,F9,F11,G4,G9,H8",,,
11/24/21,12:40 PM,6 day,2,0.45,1.04E+08,99.4,14.43,75.91,18,30,24000000,16,25,20500000,0.854166667,11,10,0.8,16400000,90,92,97.82608696,looked good under microscope,two types of colonies. one has debris the other does not. see photo.,,,,"B6,D9",,,
11/24/21,12:40 PM,6 day,3,0.492,1.51E+08,71.77,15.68,53.33,37,54,45500000,51,36,43500000,0.956043956,9,8,0.8,34800000,38,92,41.30434783,looked good under microscope,two types of colonies. one has debris the other does not. see photo.,,"A3,A5,A6,A9,A11,A12,B2,B5,B7,B8,B10,B12,C2,C7,C12,D1,D4,D5,D11,E2,E3,E4,E6,E12,F2,F3,F8,F12,G1,G2,G6,G8,G10,G12,H2,H4,H7,H8",,,,,
11/28/21,9:15 AM,8 day,2,0.545,1.09E+08,99.54,54.58,95.99,70,81,75500000,83,65,74000000,0.98013245,12,11,0.7,51800000,22,88,25,looked good under microscope,,,"A2,A10,B6,B7,C9,D11,D12,E1,E2,E4,F1,F2,F9,G3,G10,G11,G12,H3,H4,H5,H6,H7,H8","A3,A4,B3,B4 1 (mold on plate, could not interpret assay)",,,,
11/28/21,9:15 AM,8 day,3,0.699,1.01E+08,122.78,14.43,123.59,41,28,34500000,29,29,29000000,0.84057971,12,11,0.7,20300000,29,92,31.52173913,looked good under microscope,,,"A2,A5,A8,A12,B2,B11,C7,D4,D7,D12,E3,E4,E9,F1,F6,F7,F10,F11,G3,G5,G9,G10,G12,H1,H2,H3,H4,H5,H7",,,,,
11/28/21,9:15 AM,8 day,3b,0.585,1.14E+08,116.71,14.43,116.06,25,27,26000000,26,17,21500000,0.826923077,12,11,0.7,15050000,24,72,33.33333333,looked good under microscope,,,"A1,A3,A9,A10,12,B6,C10,C12,D5,D7,D8,D11,E3,E4,E8,F3,F4,F6,F11,G1,G2,G3,G4,G6","B1,C1,C2,D1,D2,E1,E2,F1 (mold on plate, could not interpret assay)",,,,
11/30/21,1:00 PM,6 day,1,0.456,1.14E+08,87.23,15.68,62.11,111,101,106000000,103,126,114500000,1.080188679,12,11,1,114500000,66,92,71.73913043,looked good under microscope,some cellular debris?,,,,"A4,A9,A6,A7,A12,C2,C3,C8,C9,D5,D9,D12,E7,E10,E12,F2,F3,F4,F7,F10,F11,F12,G7,H3,H6,H7",,,
11/30/21,1:00 PM,6 day,2,0.424,8.49E+07,95.84,14.43,72.15,50,53,51500000,72,68,70000000,1.359223301,12,11,1.2,84000000,91,92,98.91304348,looked good under microscope,some cellular debris?,,,,G4,,,
11/30/21,1:00 PM,6 day,3,0.451,1.22E+08,77.03,15.68,55.84,117,94,105500000,119,121,120000000,1.137440758,10,9,0.8,96000000,37,92,40.2173913,looked good under microscope,some cellular debris?,,"A2,A7,A9,A12,B2,B3,B4,B5,B6,B8,B9,B10,C2,C7,C8,D2,D4,D11,D12,E2,E4,E6,E8,E12,F1,F4,F6,F12,G2,G3,G8,G11,G12,H2,H3,H4,H7",,,,,
12/2/21,12:30 PM,10 day,1,0.643,2.23E+08,39.79,15.68,32,29,18,23500000,35,22,28500000,1.212765957,12,11,0.8,22800000,10,92,10.86956522,looked good under microscope,smaller cells,,"A10,B7,E4,G8,G9,G10,G11,H4,H7,H8",,,,,
12/2/21,12:30 PM,10 day,2,0.624,1.33E+08,92.9,57.09,79.68,63,62,62500000,54,59,56500000,0.904,12,11,0.6,33900000,5,92,5.434782609,looked good under microscope,larger cells,,"A4,G5,F4,F6,F8",,,,,
12/2/21,12:30 PM,10 day,3,0.508,1.45E+08,52.4,15.68,43.29,70,52,61000000,86,80,83000000,1.360655738,12,11,0.5,41500000,72,92,78.26086957,looked good under microscope,smaller cells,,,,"A1,A2,A5,A7,A9,A10,C1,C2,C4,C5,D1,D10,E1,E7,E8,E9,E11,F7,G1,H4,H6",,,
12/6/21,10:00 AM,8 day,2,0.01,2.54E+06,82.21,13.17,75.91,0.4,0.46,430000,0.42,0.4,410000,0.953488372,12,11,100,41000000,,,#DIV/0!,restarted from T11 frozen 0.4mL aliquot,very low density,,,,,,,
12/6/21,10:00 AM,8 day,3,0.016,2.91E+06,101.49,14.43,88.46,0.5,0.73,615000,0.56,0.65,605000,0.983739837,12,11,100,60500000,,,#DIV/0!,restarted from T11 frozen 0.4mL aliquot,very low density,,,,,,,
12/6/21,10:00 AM,8 day,3b,0.018,3.99E+06,103.66,13.17,90.97,0.77,0.58,675000,0.78,0.81,795000,1.177777778,12,11,100,79500000,,,#DIV/0!,restarted from T11 frozen 0.4mL aliquot,very low density,,,,,,,
12/6/21,12:40 PM,6 day,1,0.434,1.07E+08,93.83,14.43,72.15,45,60,52500000,63,41,52000000,0.990476191,13,12,0.5,26000000,81,92,88.04347826,looked good under microscope,,,,,"A2,A12,B7,C1,D3,D10,D12,E2,E10,F12,H2",,,
12/6/21,12:40 PM,6 day,2,0.443,9.15E+07,100.35,14.43,80.93,27,25,26000000,31,32,31500000,1.211538462,13,12,0.5,15750000,85?,92,#VALUE!,looked good under microscope,,,,,"A4,A5,A7,A8,A9,C9,D6,D8",,,
12/6/21,12:40 PM,6 day,3,0.438,1.16E+08,87.36,14.43,63.36,40,29,34500000,44,31,37500000,1.086956522,11,10,0.5,18750000,66,92,71.73913043,looked good under microscope,,,,,"A1,A3,A5,A7,A10,A11,B8,B9,C4,D5,D7,D11,D12,E4,E5,E7,E11,F4,F5,F6,F7,F9,F10,G7,G10,H8",,,
12/12/21,8:00 AM,10 day,1,0.793,2.18E+08,39.24,15.68,30.74,45,26,35500000,21,28,24500000,0.690140845,13,12,0.8,19600000,4,92,4.347826087,looked good under microscope,,,"A9,A11,B7,G6",,,,,
12/12/21,8:00 AM,10 day,2,0.698,1.33E+08,90.69,15.68,78.42,124,95,109500000,101,124,112500000,1.02739726,13,12,0.6,67500000,7,92,7.608695652,looked good under microscope,,,"B2,E6,E11,F11,G8,G11,H6",,,,,
12/12/21,8:00 AM,10 day,3,0.545,1.71E+08,48.94,15.68,39.52,34,47,40500000,57,66,61500000,1.518518519,13,12,0.5,30750000,80,92,86.95652174,looked good under microscope,,,,,"A1,A8,A11,B1,C9,D2,E1,E3,E8,F4,H6,H7",,,
12/12/21,9:30 AM,6 day,1,0.438,9.07E+07,99.17,14.43,83.44,27,28,27500000,43,25,34000000,1.236363636,12,13,0.8,27200000,90,92,97.82608696,looked good under microscope,some cellular debris,,,,"A3,C6",,,
12/12/21,9:30 AM,6 day,2,0.464,9.93E+07,95.25,14.43,73.4,40,28,34000000,26,23,24500000,0.720588235,12,13,1,24500000,90,92,97.82608696,looked good under microscope,some cellular debris,,,,"A2,F1",,,
12/12/21,9:30 AM,6 day,3,0.577,1.03E+08,95.12,14.43,73.4,25,34,29500000,27,28,27500000,0.93220339,10,11,1,27500000,85,92,92.39130435,looked good under microscope,some cellular debris,,,,"A8,A12,C7,D12,E9,E12,F6",,,
12/14/21,12:50 PM,8 day,2,0.497,1.00E+08,92.39,14.43,88.46,16,24,20000000,21,16,18500000,0.925,13,12,0.8,14800000,57,72,79.16666667,looked good under microscope,,,,,,,,
12/14/21,12:50 PM,8 day,3,0.601,1.18E+08,119.28,15.68,119.83,24,22,23000000,29,23,26000000,1.130434783,13,12,0.6,15600000,54,81,66.66666667,looked good under microscope,,,,,,,,
12/14/21,12:50 PM,8 day,3b,0.594,1.19E+08,118.23,15.68,117.32,20,30,25000000,29,24,26500000,1.06,13,12,0.5,13250000,79,92,85.86956522,looked good under microscope,,,,,,,,
12/18/21,1:45 PM,6 day,1,0.422,9.83E+07,93.14,15.68,72.15,37,28,32500000,34,32,33000000,1.015384615,15,14,0.8,26400000,63,92,68.47826087,looked good under microscope,some etxra cellular debris,benomyl assays done at 30C. somewhat ambigous to interpret,,,"A5,A7,A9,B1,B5,B6,B7,B10,C2,C3,C4,C5,C6,D1,D4,D8,D10,D11,D12,E2,E3,E11,F1,F6,F7,F8,F9,G4,H2",,,
12/18/21,1:45 PM,6 day,2,0.411,1.01E+08,98.74,14.43,79.68,29,31,30000000,28,32,30000000,1,15,14,0.8,24000000,90,92,97.82608696,looked good under microscope,some etxra cellular debris,benomyl assays done at 30C. somewhat ambigous to interpret,,,"A12,C6",,,
12/18/21,1:45 PM,6 day,3,0.414,9.11E+07,95.38,14.43,72.15,30,15,22500000,21,21,21000000,0.933333333,13,12,0.8,16800000,77,81,95.0617284,looked good under microscope,some etxra cellular debris,benomyl assays done at 30C. somewhat ambigous to interpret,,,"B2,B7,E4,F2","A9,A11,B11,C6",,
12/22/21,11:20 AM,10 day,1,0.69,2.08E+08,48.36,15.68,39.52,84,97,90500000,91,111,101000000,1.116022099,14,13,1,101000000,48,92,52.17391304,looked good under microscope,,,,,"A3,A4,A5,A6,A7,A12,B1,B5,B7,B9,B10,B11,C1,C2,C4,C6,C9,C10,C12,D1,D2,D3,D4,D5,D6,D7,D8,D9,D10,E3,E7,E8,E9,F3,F4,F7,F8,F10,G6,G7,G8,G11,H1,H6",,,
12/22/21,11:20 AM,10 day,2,0.606,1.35E+08,95.57,65.87,89.71,175,167,171000000,184,199,191500000,1.119883041,14,13,0.4,76600000,5,91,5.494505495,looked good under microscope,,,"D3,E10,G9,G10,H7",,,,,
12/22/21,11:20 AM,10 day,3,0.636,2.19E+08,54.07,16.94,44.54,162,134,148000000,189,149,169000000,1.141891892,14,13,0.5,84500000,66,92,71.73913043,looked good under microscope,,,,,"A1,A2,A3,A4,A11,A12,B12,C1,C2,C3,C6,C8,C9,C11,C12,D3,D7,D8,D9,E5,E12,F3,F12,G3,G4,G5",,,
12/22/21,1:00 PM,8 day,2,0.472,1.07E+08,81.75,14.43,77.17,38,46,42000000,31,43,37000000,0.880952381,14,13,1,37000000,89,92,96.73913043,looked good under microscope,,,,,"E8,G7,H1",,,
12/22/21,1:00 PM,8 day,3,0.557,1.03E+08,125.72,14.43,121.08,37,40,38500000,30,23,26500000,0.688311688,14,13,1,26500000,79,92,85.86956522,looked good under microscope,,,,,"A6,A9A10,C8,C9,D10,F3,F4,F6,F7,G1,G4,G7",,,
12/22/21,1:00 PM,8 day,3b,0.568,1.15E+08,122.33,15.68,122.34,51,32,41500000,53,35,44000000,1.060240964,14,13,1,44000000,90,92,97.82608696,looked good under microscope,,,,,"E6,H2",,,
12/24/21,8:55 AM,6 day,1,0.47,1.08E+08,100.21,14.43,87.4,85,64,74500000,96,92,94000000,1.261744966,16,15,1,94000000,89,92,96.73913043,looked good under microscope,,,,,"C2,C7,D9",,,
12/24/21,8:55 AM,6 day,2,0.45,9.11E+07,95.37,14.43,70.89,65,98,81500000,85,111,98000000,1.202453988,16,15,1,98000000,90,92,97.82608696,looked good under microscope,,,,,"D12,F12",,,
12/24/21,8:55 AM,6 day,3,0.469,1.09E+08,94.67,14.43,72.15,59,61,60000000,64,59,61500000,1.025,14,13,1.2,73800000,91,92,98.91304348,looked good under microscope,,,,,E12,,,
12/30/21,3:30 PM,6 day,1,0.638,9.52E+07,88.56,14.43,69.64,104,73,88500000,107,90,98500000,1.11299435,17,16,0.8,78800000,86,92,93.47826087,looked good under microscope,,,,,"A3,A5,B6,D4,F11,G7",,,
12/30/21,3:30 PM,6 day,2,0.43,1.14E+08,110.41,39.52,98.5,58,66,62000000,82,89,85500000,1.379032258,17,16,0.8,68400000,91,92,98.91304348,looked good under microscope,some cellular debris,,,,C6,,,
12/30/21,3:30 PM,6 day,3,0.454,9.68E+07,99.31,14.43,77.17,49,39,44000000,46,53,49500000,1.125,15,14,0.8,39600000,91,92,98.91304348,looked good under microscope,some cellular debris,,,,C9,,,
12/30/21,4:45 PM,8 day,2,0.527,1.00E+08,78.25,72.15,73.4,33,36,34500000,37,39,38000000,1.101449275,15,14,1,38000000,88,92,95.65217391,looked good under microscope,some cellular debris,,,,"B8,E5,F3,F8",,,
12/30/21,4:45 PM,8 day,3,0.67,1.01E+08,118.13,14.43,114.81,73,57,65000000,62,64,63000000,0.969230769,15,14,1,63000000,91,92,98.91304348,looked good under microscope,some cellular debris,,,,C4,,,
12/30/21,4:45 PM,8 day,3b,0.776,1.59E+08,113.29,14.43,102.26,39,31,35000000,44,45,44500000,1.271428571,15,14,1,44500000,90,92,97.82608696,looked good under microscope,some cellular debris,,,,"D5,G7",,,
1/1/22,12:00 PM,10 day,1,0.725,1.99E+08,49.48,15.68,39.52,81,57,69000000,68,62,65000000,0.942028986,15,14,0.4,26000000,7,92,7.608695652,looked good under microscope,,,"F2,G1,G3,G4,G12,H1,H5",,,,,
1/1/22,12:00 PM,10 day,2,0.573,1.19E+08,100.14,55.84,97.24,152,161,156500000,181,173,177000000,1.130990415,15,14,0.4,70800000,84,92,91.30434783,looked good under microscope,,,,,"A7,A12,C4,C5,C6,D4,F6,F10",,,
1/1/22,12:00 PM,10 day,3,0.627,1.73E+08,54.97,15.68,45.8,50,67,58500000,50,60,55000000,0.94017094,15,14,0.4,22000000,54,92,58.69565217,looked good under microscope,plate spilled and was lost,re-picked plate,,,"A1,A2,A3,A4,A6,A7,A9,A11,B3,B4,B6,B10,B11,C5,C8,D2,D3,D6,D10,D12,E3,E5,E6,E7,E9,E10,E12,F3,F4,F5,F6,F7,F8,F9,F10,F11,F12,G4,G12",,,
1/5/22,,6 day,1,,,,,,,,#DIV/0!,,,#DIV/0!,#DIV/0!,,,,#DIV/0!,,,#DIV/0!,unable to come to lab (COVID),population aborted and restarted from frozen aliquots at later date,,,,,,,
1/5/22,,6 day,2,,,,,,,,#DIV/0!,,,#DIV/0!,#DIV/0!,,,,#DIV/0!,,,#DIV/0!,unable to come to lab (COVID),population aborted and restarted from frozen aliquots at later date,,,,,,,
1/5/22,,6 day,3,,,,,,,,#DIV/0!,,,#DIV/0!,#DIV/0!,,,,#DIV/0!,,,#DIV/0!,unable to come to lab (COVID),population aborted and restarted from frozen aliquots at later date,,,,,,,
1/7/22,,8 day,2,,,,,,,,#DIV/0!,,,#DIV/0!,#DIV/0!,,,,#DIV/0!,,,#DIV/0!,unable to come to lab (COVID),population aborted and restarted from frozen aliquots at later date,,,,,,,
1/7/22,,8 day,3,,,,,,,,#DIV/0!,,,#DIV/0!,#DIV/0!,,,,#DIV/0!,,,#DIV/0!,unable to come to lab (COVID),population aborted and restarted from frozen aliquots at later date,,,,,,,
1/7/22,,8 day,3b,,,,,,,,#DIV/0!,,,#DIV/0!,#DIV/0!,,,,#DIV/0!,,,#DIV/0!,unable to come to lab (COVID),population aborted and restarted from frozen aliquots at later date,,,,,,,
1/11/22,,10 day,1,,,,,,,,#DIV/0!,,,#DIV/0!,#DIV/0!,,,,#DIV/0!,,,#DIV/0!,unable to come to lab (COVID),population aborted and restarted from frozen aliquots at later date,,,,,,,
1/11/22,,10 day,2,,,,,,,,#DIV/0!,,,#DIV/0!,#DIV/0!,,,,#DIV/0!,,,#DIV/0!,unable to come to lab (COVID),population aborted and restarted from frozen aliquots at later date,,,,,,,
1/11/22,,10 day,3,,,,,,,,#DIV/0!,,,#DIV/0!,#DIV/0!,,,,#DIV/0!,,,#DIV/0!,unable to come to lab (COVID),population aborted and restarted from frozen aliquots at later date,,,,,,,
1/14/22,2:00 PM,10 day,1,0.014,5.04E+06,37.51,14.43,28.23,0.28,0.37,325000,0.42,,420000,1.292307692,15,14,0.8,,,,#DIV/0!,looked good under microscope,restarted populations from 2 T13 frozen aliquots,,,,,,,
1/14/22,2:00 PM,10 day,2,0.011,3.80E+06,82.52,14.43,69.64,0.8,0.81,805000,0.96,0.93,945000,1.173913043,15,14,0.8,,,,#DIV/0!,looked good under microscope,restarted populations from 2 T13 frozen aliquots,,,,,,,
1/14/22,2:00 PM,10 day,3,0.012,4.51E+06,43.41,14.43,37.01,0.46,0.47,465000,0.52,0.57,545000,1.172043011,15,14,0.8,,,,#DIV/0!,looked good under microscope,restarted populations from 2 T13 frozen aliquots,,,,,,,
1/14/22,3:00 PM,8 day,2,0.01,2.48E+06,67.07,13.17,63.36,0.17,0.21,190000,0.15,,150000,0.789473684,15,14,0.8,,,,#DIV/0!,looked good under microscope,restarted populations from 2 T13 frozen aliquots,,,,,,,
1/14/22,3:00 PM,8 day,3,0.012,2.37E+06,114.81,39.52,103.52,0.64,0.59,615000,0.65,,650000,1.056910569,15,14,0.8,,,,#DIV/0!,looked good under microscope,restarted populations from 2 T13 frozen aliquots,,,,,,,
1/14/22,3:00 PM,8 day,3b,0.009,2.32E+06,110.77,13.17,95.99,0.54,0.45,495000,0.51,,510000,1.03030303,15,14,0.8,,,,#DIV/0!,looked good under microscope,restarted populations from 2 T13 frozen aliquots,,,,,,,
1/17/22,12:00 PM,4 day,"1,2,3",0.011,6.47E+06,41.06,14.43,30.74,1.56,1.65,1605000,1.45,,1450000,0.903426791,0,-1,100,145000000,,,#DIV/0!,looked good under microscope,inoculated with 400ul aliquot of pool6,,,,,,,
1/18/22,2:00 PM,4 day,"1,2,3",0.676,1.74E+08,46.76,21.96,38.27,73,,73000000,102,95,98500000,1.349315068,1,0,0.6,59100000,2,92,2.173913043,looked good under microscope,,,"A6,A11",,,,,
1/22/22,12:00 PM,4 day,1,0.719,2.16E+08,48.09,29.49,39.52,260,218,239000000,244,267,255500000,1.069037657,2,1,0.6,153300000,4,92,4.347826087,looked good under microscope,,,"B2,D5,D9,G3",,,,,
1/22/22,12:00 PM,4 day,2,1.016,1.75E+08,42.29,26.98,34.5,288,256,272000000,302,355,328500000,1.207720588,2,1,0.6,197100000,2,89,2.247191011,looked good under microscope,,,"B4,G3","B1,G11,G12",,,,
1/22/22,12:00 PM,4 day,3,0.935,1.63E+08,42.77,28.23,35.76,155,163,159000000,183,157,170000000,1.06918239,2,1,0.6,102000000,1,89,1.123595506,looked good under microscope,,,D7,"G1,G12,H1",,,,
1/22/22,1:00 PM,8 day,2,0.58,1.09E+08,87.27,62.11,80.93,25,26,25500000,13,25,19000000,0.745098039,16,15,0.8,15200000,17,80,21.25,looked good under microscope,,,"A5,B3,B9,C3,C5,C11,D1,E11,F1,F2,F3,F10,F11,G3,G6,G7,G8",,,,,
1/22/22,1:00 PM,8 day,3,0.621,1.44E+08,125.25,149.94,133.63,47,47,47000000,55,53,54000000,1.14893617,16,15,0.8,43200000,28,92,30.43478261,looked good under microscope,,,"A10,B3,B7,B8,B11,C2,C5,C11,D5,D9,D10,D12,E1,E4,E6,E11,F2,F5,F10,G1,G3,G6,G7,G9,G11,G12,H1,H3",,,,,
1/22/22,1:00 PM,8 day,3b,0.711,9.43E+07,121.61,14.43,123.59,89,76,82500000,70,86,78000000,0.945454546,16,15,0.8,62400000,59,92,64.13043478,looked good under microscope,,,,,"A1,A2,A4,A5,A9,B2,B3,C2,C6,C8,C9,C10,C11,C12,D2,D3,D6,D7,D12,E2,E3,E4,E5,E7,F1,F5,F6,G3,G5,G9,H1,H3,H6",,,
1/24/22,3:30 PM,10 day,1,0.687,2.33E+08,47.05,15.68,38.27,39,51,45000000,51,60,55500000,1.233333333,16,15,0.8,44400000,5,92,5.434782609,looked good under microscope,,,"B7,D4,F5,F6,F11",,,,,
1/24/22,3:30 PM,10 day,2,0.719,1.30E+08,92.78,15.68,88.46,118,93,105500000,107,107,107000000,1.014218009,16,15,0.8,85600000,71,92,77.17391304,looked good under microscope,,,,,"A2,A4,A6,A9,B2,B4,C11,D4,D8,E2,E3,E8,F1,F3,F5,F6,F7,F9,G9,H1,H3",,,
1/24/22,3:30 PM,10 day,3,0.812,2.25E+08,47.65,15.68,37.01,124,135,129500000,111,126,118500000,0.915057915,16,15,0.8,94800000,2,92,2.173913043,looked good under microscope,,,"E5,G7",,,,,
1/26/22,12:00 PM,4 day,1,0.841,2.19E+08,47.47,26.98,38.27,258,226,242000000,254,253,253500000,1.047520661,3,2,0.4,101400000,5,92,5.434782609,looked good under microscope,,growth in blank,"A2,D5,D8,F11,G3",,,,,
1/26/22,12:00 PM,4 day,2,0.807,2.05E+08,47.77,29.49,39.52,209,211,210000000,220,241,230500000,1.097619048,3,2,0.4,92200000,2,92,2.173913043,looked good under microscope,,growth in blank,"H5,H7",,,,,
1/26/22,12:00 PM,4 day,3,0.798,2.88E+08,49.32,26.98,40.78,339,347,343000000,388,397,392500000,1.144314869,3,2,0.4,157000000,5,92,5.434782609,looked good under microscope,,,"B11,C6,D3,D6,G3",,,,,
1/30/22,9:45 AM,4 day,1,0.775,3.07E+08,52.41,28.23,43.29,257,228,242500000,265,241,253000000,1.043298969,4,3,0.4,101200000,6,92,6.52173913,looked good under microscope,,,"A6,B6,D6,E5,E12,F12",,,,,
1/30/22,9:45 AM,4 day,2,0.756,2.60E+08,51.21,30.74,42.03,226,205,215500000,196,221,208500000,0.967517401,4,3,0.4,83400000,3,91,3.296703297,looked good under microscope,,,"E10,E12,F7",E11,,,,
1/30/22,9:45 AM,4 day,3,0.956,2.11E+08,47.24,26.98,38.27,282,280,281000000,276,256,266000000,0.946619217,4,3,0.4,106400000,2,92,2.173913043,looked good under microscope,,,"A2,E8",,,,,
1/30/22,10:45 AM,8 day,2,0.621,1.07E+08,93.86,15.68,89.71,25,29,27000000,23,28,25500000,0.944444444,17,16,0.8,20400000,48,74,64.86486486,looked good under microscope,,,,D9,"A1,A2,A3,A4,A5,A6,A9,A11,B1,B4,B5,B8,B9,C1,C4,C5,C7,C8,C11,D4,E3,E7,E8,E9,F1,F5",,,
1/30/22,10:45 AM,8 day,3,0.79,1.01E+08,103.07,14.43,88.46,76,55,65500000,70,53,61500000,0.938931298,17,16,0.6,36900000,68,92,73.91304348,looked good under microscope,,,,,"A3,A4,A5,A6,A7,A10,B8,B12,C3,C7,C12,D2,D3,D5,D8,D10,D12,E1,E6,F10,F11,G11,H4,H6",,,
1/30/22,10:45 AM,8 day,3b,0.739,9.47E+07,108.35,14.43,94.73,41,44,42500000,34,37,35500000,0.835294118,17,16,0.5,17750000,75,92,81.52173913,looked good under microscope,,,,,"A3,A4,A8,B4,B11,B12,C5,C7,C11,D6,D9,E2,E8,E12,F1,F9,G10",,,
1/31/22,1:15 PM,2 day,"1,2,3",0.029,7.86E+06,45.41,20.7,35.76,4.77,4.73,4750000,4.8,4.17,4485000,0.944210526,0,-1,100,448500000,,,#DIV/0!,looked good under microscope,inoculated with 400ul aliquot of pool7,,,,,,,
2/1/22,1:30 PM,2 day,"1,2,3",0.589,2.25E+08,51.2,16.94,40.78,178,212,195000000,206,153,179500000,0.920512821,1,0,0.5,89750000,2,92,2.173913043,looked good under microscope,,,"C4,E7",,,,,
2/3/22,9:30 AM,10 day,1,0.724,2.23E+08,45.49,16.94,37.01,112,102,107000000,139,117,128000000,1.196261682,17,16,0.6,76800000,34,92,36.95652174,looked good under microscope,,,"A1,B3,B11,D1,D2,D8,E3,E5,E9,E10,E11,F1,F3,F4,F5,F6,F7,F9,G2,G3,G4,G5,G6,G7,G8,G9,G10,G12,H2,H3,H5,H6,H7,H8",,,,,
2/3/22,9:30 AM,10 day,2,0.882,1.02E+08,94.31,14.43,92.22,83,73,78000000,93,95,94000000,1.205128205,17,16,0.4,37600000,81,92,88.04347826,looked good under microscope,,,,,"A12,B3,B7,C12,D5,D12,E3,E9,G1,G3,G7,",,,
2/3/22,9:30 AM,10 day,3,0.831,2.41E+08,43.35,15.68,35.76,58,55,56500000,58,65,61500000,1.088495575,17,16,0.4,24600000,59,92,64.13043478,looked good under microscope,,,,,"A1,A2,A4,A6,A10,A12,B4,B7,B8,B9,B10,B12,C3,C5,C9,D4,D6,D10,D12,E3,E4,E8,E9,E11,F1,F6,F7,F9,F11,F12,G1,G4,G7",,,
2/3/22,10:45 AM,4 day,1,1.032,1.83E+08,46.38,26.98,37.01,356,353,354500000,340,337,338500000,0.954866009,5,4,0.4,135400000,6,90,6.666666667,looked good under microscope,,,"B7,C12,F2,G5,G8,H7","D4,E12",,,,
2/3/22,10:45 AM,4 day,2,0.846,2.37E+08,49.76,28.23,40.78,524,608,566000000,543,494,518500000,0.916077739,5,4,0.4,207400000,7,91,7.692307692,looked good under microscope,,,"B3,B10,C3,D1,D2,D6,F8",H5,,,,
2/3/22,10:45 AM,4 day,3,0.838,2.04E+08,48.87,26.98,39.52,400,428,414000000,453,441,447000000,1.079710145,5,4,0.4,178800000,5,92,5.434782609,looked good under microscope,,,"A4,B2,E2,F2,G5",,,,,
2/3/22,1:30 PM,2 day,1,0.63,1.88E+08,52,29.49,42.03,150,168,159000000,190,175,182500000,1.147798742,2,1,0.5,91250000,3,92,3.260869565,looked good under microscope,,,"C8,G3,G12",,,,,
2/3/22,1:30 PM,2 day,2,0.635,1.67E+08,49.91,26.98,42.03,154,146,150000000,173,130,151500000,1.01,2,1,0.5,75750000,4,92,4.347826087,looked good under microscope,,,"B9,C9,G3,H4",,,,,
2/5/22,1:45 PM,2 day,1,0.656,2.30E+08,55.25,30.74,43.29,218,255,236500000,246,259,252500000,1.067653277,3,2,0.5,126250000,4,92,4.347826087,looked good under microscope,,,"D7,F4,F6,F11",,,,,
2/5/22,1:45 PM,2 day,2,0.668,2.46E+08,56.25,29.49,45.8,197,222,209500000,173,189,181000000,0.863961814,3,2,0.5,90500000,3,92,3.260869565,looked good under microscope,,,"C7,D11,E12",,,,,
2/7/22,10:45 AM,4 day,1,0.728,3.10E+08,54.53,32,45.8,394,366,380000000,417,412,414500000,1.090789474,6,5,0.4,165800000,8,90,8.888888889,looked good under microscope,,,"B4,B5,C4,C5,C7,E3,E10,F7","E12,G7",,,,
2/7/22,10:45 AM,4 day,2,0.825,2.56E+08,51.29,30.74,42.03,424,408,416000000,382,378,380000000,0.913461539,6,5,0.4,152000000,11,91,12.08791209,looked good under microscope,,,"B9,B10,C7,D2,D12,F5,G5,G7,H5,H7,H8",E2,,,,
2/7/22,10:45 AM,4 day,3,0.913,1.97E+08,49.07,28.23,39.52,446,373,409500000,390,428,409000000,0.998778999,6,5,0.4,163600000,8,91,8.791208791,looked good under microscope,,,"A3,B9,B10,B12,D1,D3,G10,H4",D7,,,,
2/7/22,11:45 AM,8 day,2,0.509,1.08E+08,101.37,14.43,90.97,40,28,34000000,28,31,29500000,0.867647059,18,17,0.9,26550000,83,92,90.2173913,looked good under microscope,,,,,"A5,A6,A7,A11,B5,B8,B9,B10,C6,C10,D2,D4,E8,E9,E10,F1,F6,F9,G11",,,
2/7/22,11:45 AM,8 day,3,0.819,1.13E+08,99.21,14.43,84.69,37,27,32000000,35,37,36000000,1.125,18,17,0.7,25200000,88,92,95.65217391,looked good under microscope,,,,,"A6,A7,B11,F1",,,
2/7/22,11:45 AM,8 day,3b,0.564,1.15E+08,121.19,15.68,114.81,23,24,23500000,33,35,34000000,1.446808511,18,17,0.9,30600000,33,79,41.7721519,looked good under microscope,,,"A1,A3,A4,A6,B1,B6,B9,B10,B11,C3,C5,C6,C10,C11,D1,D3,D7,D9,D12,E2,E6,E7,E10,F2,F4,F6,F9,F11,F12,G3,G4,G5,G6",,,,,
2/7/22,2:00 PM,2 day,1,0.679,2.39E+08,54.38,28.23,43.29,255,217,236000000,248,231,239500000,1.014830508,4,3,0.4,95800000,7,92,7.608695652,looked good under microscope,,,"A5,B3,C1,C4,E7,G12,H5",,,,,
2/7/22,2:00 PM,2 day,2,0.722,2.20E+08,54.27,29.49,43.29,193,179,186000000,197,183,190000000,1.021505376,4,3,0.4,76000000,26,92,28.26086957,looked good under microscope,,,"A10,A11,A12,B3,B8,B12,C5,C7,C12,D3,E5,E11,F2,F3,F5,F6,F11,G1,G5,G6,G7,G10,G11,G12,H2",,,,,
2/9/22,1:30 PM,2 day,1,0.7,2.38E+08,53.78,29.49,43.29,152,169,160500000,196,205,200500000,1.249221184,5,4,0.4,80200000,8,92,8.695652174,looked good under microscope,,,"B1,B2,B4,C6,E1,E7,F7",,,,,
2/9/22,1:30 PM,2 day,2,0.664,1.98E+08,52.47,26.98,42.03,177,168,172500000,186,139,162500000,0.942028986,5,4,0.4,65000000,7,92,7.608695652,looked good under microscope,,,"A5,A12,B2,C5,C8,D9,E12",,,,,
2/11/22,10:15 AM,4 day,1,0.737,2.44E+08,53.92,30.74,44.54,181,171,176000000,173,147,160000000,0.909090909,7,6,0.4,64000000,11,91,12.08791209,looked good under microscope,,,"A12,B8,C6,D1,E11,F4,F7,F9,H1,G3,G6",C2,,,,
2/11/22,10:15 AM,4 day,2,0.704,2.37E+08,55.46,32,45.8,197,139,168000000,177,201,189000000,1.125,7,6,0.4,75600000,12,91,13.18681319,looked good under microscope,,,"A1,A7,A8,B5,C1,C4,C8,D1,D4,D12,G9,H3",F3,,,,
2/11/22,10:15 AM,4 day,3,0.669,2.12E+08,54.19,26.28,44.54,187,181,184000000,221,222,221500000,1.203804348,7,6,0.4,88600000,13,92,14.13043478,looked good under microscope,,,"A5,A6,A9,A11,B7,C1,C6,C7,D3,E7,E8,F5,G4",,,,,
2/11/22,1:15 PM,2 day,1,0.734,2.22E+08,54.22,26.98,44.54,292,259,275500000,291,267,279000000,1.012704174,6,5,0.4,111600000,10,91,10.98901099,looked good under microscope,,,"A7,D2,D7,F1,F4,F10,G2,G10,H2,H6",E2,,,,
2/11/22,1:15 PM,2 day,2,0.704,3.06E+08,56.93,29.49,47.05,205,236,220500000,177,216,196500000,0.891156463,6,5,0.4,78600000,2,92,2.173913043,looked good under microscope,,,"A1,H8",,,,,
2/13/22,10:15 AM,10 day,1,0.677,1.94E+08,57.74,15.68,48.31,63,73,68000000,72,66,69000000,1.014705882,18,17,0.5,34500000,,,#DIV/0!,looked good under microscope,96-well plate contaminated/no benomyl assays,,,,,,,
2/13/22,10:15 AM,10 day,2,0.589,1.46E+08,106.65,126.1,113.55,68,77,72500000,65,65,65000000,0.896551724,18,17,0.5,32500000,,,#DIV/0!,looked good under microscope,96-well plate contaminated/no benomyl assays,,,,,,,
2/13/22,10:15 AM,10 day,3,0.684,2.51E+08,41.22,16.94,33.25,11,11,11000000,4,12,8000000,0.727272727,18,17,0.7,5600000,,,#DIV/0!,looked good under microscope,96-well plate contaminated/no benomyl assays,,,,,,,
2/13/22,12:00 PM,2 day,1,0.7,2.36E+08,53.87,28.23,44.54,184,206,195000000,200,219,209500000,1.074358974,7,6,0.4,83800000,,,#DIV/0!,looked good under microscope,96-well plate contaminated/no benomyl assays,,,,,,,
2/13/22,12:00 PM,2 day,2,0.678,2.28E+08,53.65,26.98,43.29,163,170,166500000,219,217,218000000,1.309309309,7,6,0.4,87200000,,,#DIV/0!,looked good under microscope,96-well plate contaminated/no benomyl assays,,,,,,,
2/15/22,10:00 AM,4 day,1,0.685,2.49E+08,58.56,26.98,48.31,183,160,171500000,166,176,171000000,0.997084548,8,7,0.4,68400000,23,92,25,looked good under microscope,,,"A2,A7,A9,B4,B9,C5,D1,D5,D6,D8,D9,D10,E7,E8,E9,F2,F4,F11,G3,G7,G8,H1,H7",,,,,
2/15/22,10:00 AM,4 day,2,0.72,2.34E+08,58.82,29.49,48.31,130,127,128500000,143,161,152000000,1.182879377,8,7,0.4,60800000,,,#DIV/0!,looked good under microscope,96-well plate contaminated/no benomyl assays,,,,,,,
2/15/22,10:00 AM,4 day,3,0.778,2.17E+08,57.61,25.72,47.05,143,123,133000000,126,116,121000000,0.909774436,8,7,0.4,48400000,,,#DIV/0!,looked good under microscope,96-well plate contaminated/no benomyl assays,,,,,,,
2/15/22,11:15 AM,8 day,2,0.549,1.01E+08,106.83,43.29,103.52,33,25,29000000,26,25,25500000,0.879310345,19,18,1,25500000,41,44,93.18181818,cells looked good but some cellular debris,contaminant colonies on YPD plates for 8 day #2,,,,"A8,A10,A12",,,
2/15/22,11:15 AM,8 day,3,0.58,1.68E+08,109.09,38.27,111.04,8,19,13500000,15,12,13500000,1,19,18,1,13500000,,,#DIV/0!,cells looked good but some cellular debris,96-well plate contaminated/no benomyl assays,,,,,,,
2/15/22,11:15 AM,8 day,3b,0.597,1.07E+08,122.55,14.43,123.59,20,14,17000000,22,19,20500000,1.205882353,19,18,1,20500000,,,#DIV/0!,cells looked good but some cellular debris,96-well plate contaminated/no benomyl assays,,,,,,,
2/15/22,1:00 PM,2 day,1,0.775,2.85E+08,58.11,29.49,48.31,198,172,185000000,191,225,208000000,1.124324324,8,7,0.4,83200000,11,92,11.95652174,looked good under microscope,,,"A2,A6,C6,C9,D3,D4,F3,F10,F12,G1,H5",,,,,
2/15/22,1:00 PM,2 day,2,0.736,2.27E+08,56.92,30.74,47.05,241,250,245500000,219,273,246000000,1.00203666,8,7,0.4,98400000,14,92,15.2173913,looked good under microscope,,,"A5,A7,A8,B11,B12,C1,C4,C6,C7,E10,F5,F8,F11,G4",,,,,
2/17/22,1:00 PM,2 day,1,0.715,2.43E+08,57.86,26.98,48.31,169,168,168500000,176,174,175000000,1.038575668,9,8,0.4,70000000,10,91,10.98901099,looked good under microscope,,,"A8,B2,B12,C2,D7,E4,E6,F3,G3,H6",B9,,,,
2/17/22,1:00 PM,2 day,2,0.73,2.43E+08,57.11,26.98,47.05,239,242,240500000,277,271,274000000,1.139293139,9,8,0.4,109600000,16,92,17.39130435,looked good under microscope,,,"A1,A7,B1,B10,C4,D1,E3,E7,E8,E11,F2,F12,G1,G4,G12,H1",,,,,
2/19/22,11:30 AM,4 day,1,0.684,2.70E+08,72.63,28.23,57.09,95,107,101000000,110,100,105000000,1.03960396,9,8,0.4,42000000,26,91,28.57142857,looked good under microscope,,,"A1,A6,A12,B1,B10,C3,C4,C5,C7,C9,D2,D3,D4,D7,D10,E1,E11,E12,F1,F5,F7,F9,G3,G6,G8,G11",D1,,,,
2/19/22,11:30 AM,4 day,2,0.607,1.77E+08,66.91,24.47,53.33,260,240,250000000,245,265,255000000,1.02,9,8,0.4,102000000,46,92,50,looked good under microscope,,,"A3,A4,A6,A11,B2,B5,B7,B9,B10,C2,C4,C8,C10,D2,D3,D4,D5,D6,D7,D8,D10,E1,E2,E4,E5,E6,E7,E9,E10,E11,E12,F1,F3,F8,F10,G2,G3,G4,G5,G6,G7,G8,G10,G11,H1,H8",,,,,
2/19/22,11:30 AM,4 day,3,0.68,1.95E+08,71.79,30.74,57.09,104,97,100500000,102,98,100000000,0.995024876,9,8,0.4,40000000,36,91,39.56043956,looked good under microscope,,,"A3,A4,A6,A7,B1,B2,B3,B6,B7,B9,C1,C9,C10,C11,D1,D3,D5,D6,D12,E6,E7,E12,F3,F7,F8,F10,G1,G2,G4,G5,G6,G9,H1,H2,H4,H5",F1,,,,
2/19/22,1:15 PM,2 day,1,0.718,2.28E+08,60.47,26.98,52.07,282,224,253000000,254,276,265000000,1.04743083,10,9,0.4,106000000,10,91,10.98901099,looked good under microscope,,,"A11,A12,B5,B6,B9,C5,C6,E5,H4,H6",A1,,,,
2/19/22,1:15 PM,2 day,2,0.713,2.00E+08,57.13,29.49,49.56,168,182,175000000,213,217,215000000,1.228571429,10,9,0.4,86000000,13,92,14.13043478,looked good under microscope,,,"A2,A11,B5,B10,B12,C4,D6,E4,E10,E11,F4,F11,G6",,,,,
2/21/22,1:30 PM,2 day,1,0.009,4.98E+06,50.43,29.49,40.78,221,224,222500000,245,233,239000000,1.074157303,10,9,1,239000000,,,#DIV/0!,restarted from T9 frozen aliquot,looked good under microscope,,,,,,,
2/21/22,1:30 PM,2 day,2,0.011,4.55E+06,50.97,29.49,40.78,263,294,278500000,255,260,257500000,0.92459605,10,9,1,257500000,,,#DIV/0!,restarted from T9 frozen aliquot,looked good under microscope,,,,,,,
2/21/22,2:15 PM,4 day,1,0.017,5.44E+06,54.42,14.43,42.03,209,199,204000000,186,185,185500000,0.909313726,9,8,1,185500000,,,#DIV/0!,restarted from T8 frozen aliquot,looked good under microscope,,,,,,,
2/21/22,2:15 PM,4 day,2,0.018,4.94E+06,60.71,26.98,45.8,232,229,230500000,201,219,210000000,0.911062907,9,8,1,210000000,,,#DIV/0!,restarted from T8 frozen aliquot,looked good under microscope,,,,,,,
2/21/22,2:15 PM,4 day,3,0.025,6.98E+06,63.57,26.98,48.31,282,305,293500000,278,302,290000000,0.988074957,9,8,1,290000000,,,#DIV/0!,restarted from T8 frozen aliquot,looked good under microscope,,,,,,,
2/23/22,11:15 AM,10 day,1,0.644,1.59E+08,58.38,15.68,48.31,89,64,76500000,60,61,60500000,0.790849673,19,18,0.7,42350000,2,92,2.173913043,looked good under microscope,,,"F9,G3",,,,,
2/23/22,11:15 AM,10 day,2,0.722,1.16E+08,108.92,131.12,114.81,153,132,142500000,144,140,142000000,0.996491228,19,18,0.7,99400000,90,92,97.82608696,looked good under microscope,larger cells,,,,"B8,C11",,,
2/23/22,11:15 AM,10 day,3,0.675,2.04E+08,42.25,15.68,33.25,32,46,39000000,45,39,42000000,1.076923077,19,18,1.1,46200000,18,90,20,looked good under microscope,,,"B1,C7,D1,D3,D5,D6,E1,E2,E11,G2,G4,G6,G7,H2,H3,H4,H5,H6",,,,,
2/23/22,1:15 PM,8 day,2,0.511,9.22E+07,107.98,45.8,102.26,21,26,23500000,26,24,25000000,1.063829787,20,19,1,25000000,71,77,92.20779221,looked good under microscope,,,,,"B12,C8,C12,D6,F9,F12",,,
2/23/22,1:15 PM,8 day,3,0.587,1.58E+08,110.42,40.78,112.3,19,34,26500000,14,17,15500000,0.58490566,20,19,1.1,17050000,57,63,90.47619048,looked good under microscope,,,,,"A7,B6,B12,C10,E1,E12",,,
2/23/22,1:15 PM,8 day,3b,0.628,1.09E+08,115.22,47.05,116.06,71,59,65000000,52,89,70500000,1.084615385,20,19,1,70500000,87,92,94.56521739,looked good under microscope,,,,,"C8,C9,F2,F7,G3",,,
2/23/22,1:30 PM,2 day,1,0.73,1.87E+08,57.69,26.98,48.31,230,206,218000000,213,212,212500000,0.974770642,11,10,0.4,85000000,26,92,28.26086957,looked good under microscope,,,"A12,B1,B3,B4,B6,B10,B12,C2,C9,C10,D4,D7,E1,E2,E5,E9,F6,F7,F8,F11,G2,G5,G6,G8,H2,H3",,,,,
2/23/22,1:30 PM,2 day,2,0.767,2.13E+08,61.71,25.72,54.58,255,212,233500000,255,228,241500000,1.034261242,11,10,0.4,96600000,17,92,18.47826087,looked good under microscope,,,"B2,C10,C11,D3,D8,D10,E3,E9,E10,F6,F11,G3,G4,G6,G7,G9,G10",,,,,
2/25/22,11:30 AM,4 day,1,0.64,2.49E+08,80.16,26.98,65.87,152,149,150500000,156,139,147500000,0.980066445,10,9,0.4,59000000,38,92,41.30434783,looked good under microscope,,,"A1,A5,A8,A12,B1,B3,B4,B5,B8,B9,,B11,C1,C2,C3,C6,C8,C9,D2,D4,D5,D6,D11,D12,E2,E10,F2,F3,F5,F7,F8,G3,G7,G8,G10,G12,H5,H6,H7",,,,,
2/25/22,11:30 AM,4 day,2,0.559,1.40E+08,84.59,33.25,72.15,254,247,250500000,243,254,248500000,0.992015968,10,9,0.4,99400000,67,92,72.82608696,looked good under microscope,,,,,"A3,A6,A12,B5,B8,B10,C10,D3,D6,D7,E1,E4,E6,E12,F1,F5,F7,F8,F9,F12,G12,H2,H3,H5,H6",,,
2/25/22,11:30 AM,4 day,3,0.505,1.23E+08,87.43,29.49,72.15,82,83,82500000,100,86,93000000,1.127272727,10,9,0.4,37200000,68,92,73.91304348,looked good under microscope,,,,,"A4,A8,A9,A11,A12,B6,C4,C7,C9,C11,C12,D3,D10,E3,E5,E9,E10,E11,F12,G10,G11,H3,H5,H7",,,
2/25/22,1:15 PM,2 day,1,0.725,2.28E+08,62.1,28.23,54.58,173,198,185500000,224,248,236000000,1.272237197,12,11,0.4,94400000,13,92,14.13043478,looked good under microscope,,,"A2,A3,A11,C11,D6,D7,E9,F1,G3,H1,H2,H3,H8",,,,,
2/25/22,1:15 PM,2 day,2,0.737,2.32E+08,60.33,24.47,53.33,201,186,193500000,193,173,183000000,0.945736434,12,11,0.4,73200000,7,92,7.608695652,looked good under microscope,,,"C11,C12,D11,E7,G9,G11,H7",,,,,
2/27/22,2:30 PM,2 day,1,0.754,2.42E+08,63.66,29.49,55.84,327,268,297500000,330,134,232000000,0.779831933,13,12,0.4,92800000,15,92,16.30434783,looked good under microscope,,,"A9,D5,D8,E1,E3,F3,F4,F5,F10,G3,G7,G10,H5,H7,H8",,,,,
2/27/22,2:30 PM,2 day,2,0.745,2.58E+08,62.02,28.23,54.58,204,228,216000000,210,213,211500000,0.979166667,13,12,0.4,84600000,8,92,8.695652174,looked good under microscope,,,"A11,A12,C10,D6,D8,E12,F6,H4",,,,,
3/1/22,10:30 AM,4 day,1,0.534,1.65E+08,79.01,16.94,64.62,76,77,76500000,84,90,87000000,1.137254902,11,10,0.4,34800000,47,92,51.08695652,looked good under microscope,,,,,"A3,A4,A6,A7,A8,A11,A12,B3,B5,B6,B7,B9,B12,C1,C2,C5,C7,C8,C10,C11,D1,D2,D3,D6,D8,D11,D12,E1,E2,E3,E5,E8,E10,E12,F5,F6,F9,F12,G2,G3,G4,G5,G6,H1,H7",,,
3/1/22,10:30 AM,4 day,2,0.508,1.30E+08,87.55,15.68,79.68,79,67,73000000,75,57,66000000,0.904109589,11,10,0.4,26400000,80,92,86.95652174,looked good under microscope,,,,,"A3,A8,B11,C4,D6,D9,E1,E3,E5,E6,E7,E9",,,
3/1/22,10:30 AM,4 day,3,0.47,1.16E+08,100.82,33.25,95.99,66,40,53000000,58,65,61500000,1.160377358,11,10,0.4,24600000,79,92,85.86956522,looked good under microscope,,,,,"A6,A8,A10,A11,B4,B9,C3,C5,D10,D11,E12,G10,H8",,,
3/1/22,1:30 PM,2 day,1,0.69,2.28E+08,60.26,26.98,53.33,179,211,195000000,207,204,205500000,1.053846154,14,13,0.4,82200000,15,92,16.30434783,looked good under microscope,,,"A12,B4,B5,B9,C3,C6,C9,D7,D9,E5,F1,F9,G3,G9,G10",,,,,
3/1/22,1:30 PM,2 day,2,0.725,2.33E+08,60.91,26.98,54.58,221,171,196000000,208,213,210500000,1.073979592,14,13,0.4,84200000,18,92,19.56521739,looked good under microscope,,,"B1,B2,B3,C1,C2,C7,D2,D4,D6,E5,E8,E11,F8,F9,F10,G3,G5,G8",,,,,
3/3/22,11:45 AM,8 day,2,0.473,1.01E+08,100.8,14.43,94.73,24,19,21500000,26,23,24500000,1.139534884,21,20,,0,58,79,73.41772152,looked good under microscope,population was retired due to high frequency of diploids,slow growth on benomyl assay-plate. forgot to add glucose.,,,"A4,A10,A11,B1,B4,C4,C7,C8,C9,C12,D1,D7,D10,D11,E1,E3,E8,E6,E9,G2,G4,",,,
3/3/22,11:45 AM,8 day,3,0.553,1.16E+08,106.93,38.27,101.01,52,49,50500000,48,52,50000000,0.99009901,21,20,,0,52,56,92.85714286,looked good under microscope,population was retired due to high frequency of diploids,slow growth on benomyl assay-plate. forgot to add glucose.,,,"A5,C3,C12,E1",,,
3/3/22,11:45 AM,8 day,3b,0.65,1.31E+08,121.27,45.8,128.61,12,19,15500000,17,15,16000000,1.032258065,21,20,0.7,11200000,4,14,28.57142857,looked good under microscope,,slow growth on benomyl assay-plate. forgot to add glucose.,"A1,A2,A8,A10",,,,,
3/3/22,1:15 PM,2 day,1,0.712,2.38E+08,60.97,28.23,53.33,315,276,295500000,315,287,301000000,1.018612521,15,14,0.4,120400000,18,92,19.56521739,looked good under microscope,,slow growth on benomyl assay-plate may have been dry??,"A4,A9,A11,B4,B7,B8,B9,C9,C12,D4,D7,D10,D11,E3,G2,G3,G6,G11",,,,,
3/3/22,1:15 PM,2 day,2,0.719,2.43E+08,59.75,24.47,53.33,195,211,203000000,203,213,208000000,1.024630542,15,14,0.4,83200000,11,92,11.95652174,looked good under microscope,,slow growth on benomyl assay-plate may have been dry??,"A7,A12,B9,C2,D6,D8,E4,F1,G1,G5,H8",,,,,
3/5/22,12:00 PM,4 day,1,0.456,1.39E+08,80.82,15.68,63.36,78,95,86500000,76,104,90000000,1.040462428,12,11,0.5,45000000,,,#DIV/0!,looked good under microscope,,slow growth on benomyl assay-plate may have been dry??,,,,,,
3/5/22,12:00 PM,4 day,2,0.43,1.13E+08,87.3,30.74,78.42,83,56,69500000,52,55,53500000,0.769784173,12,11,0.6,32100000,,,#DIV/0!,looked good under microscope,,slow growth on benomyl assay-plate may have been dry??,,,,,,
3/5/22,12:00 PM,4 day,3,0.454,1.96E+08,117.83,37.01,119.83,41,38,39500000,48,46,47000000,1.189873418,12,11,0.6,28200000,,,#DIV/0!,looked good under microscope,,slow growth on benomyl assay-plate may have been dry??,,,,,,
3/5/22,1:15 PM,2 day,1,0.699,2.28E+08,58.42,25.72,52.07,261,307,284000000,345,386,365500000,1.286971831,16,15,0.4,146200000,,,#DIV/0!,looked good under microscope,,slow growth on benomyl assay-plate may have been dry??,,,,,,
3/5/22,1:15 PM,2 day,2,0.721,2.62E+08,60.65,26.98,54.58,231,208,219500000,254,263,258500000,1.177676538,16,15,0.4,103400000,,,#DIV/0!,looked good under microscope,,slow growth on benomyl assay-plate may have been dry??,,,,,,
3/5/22,1:45 PM,10 day,1,0.596,1.71E+08,51.59,25.72,43.29,224,163,193500000,188,220,204000000,1.054263566,20,19,0.7,142800000,3,92,3.260869565,looked good under microscope,,slow growth on benomyl assay-plate may have been dry??,"D2,D4,E7",,,,,
3/5/22,1:45 PM,10 day,2,0.654,1.15E+08,106.22,124.85,111.04,94,84,89000000,78,91,84500000,0.949438202,20,19,,0,90,92,97.82608696,looked good under microscope,population was retired due to high frequency of diploids,slow growth on benomyl assay-plate may have been dry??,,,"B5,G6",,,
3/5/22,1:45 PM,10 day,3,0.636,1.84E+08,45.1,24.47,34.51,29,39,34000000,25,33,29000000,0.852941177,20,19,0.7,20300000,74,88,84.09090909,looked good under microscope,,slow growth on benomyl assay-plate may have been dry??,,,"A1,A3,A7,A9,A11,C8,C9,C11,D1,D5,E3,E4,E10,F10",,,
3/7/22,1:00 PM,2 day,1,0.686,2.60E+08,61.54,26.98,53.33,201,187,194000000,191,211,201000000,1.036082474,17,16,0.4,80400000,,,#DIV/0!,looked good under microscope,,slow growth on benomyl assay-plate may have been dry??,,,,,,
3/7/22,1:00 PM,2 day,2,0.736,2.07E+08,60.21,25.72,54.58,213,219,216000000,258,224,241000000,1.115740741,17,16,0.4,96400000,,,#DIV/0!,looked good under microscope,,slow growth on benomyl assay-plate may have been dry??,,,,,,
3/9/22,12:00 PM,4 day,1,0.514,1.38E+08,78.62,29.49,67.13,221,218,219500000,197,196,196500000,0.895216401,13,12,0.5,98250000,,,#DIV/0!,looked good under microscope,,slow growth on benomyl assay-plate may have been dry??,,,,,,
3/9/22,12:00 PM,4 day,2,0.6,1.28E+08,84.68,28.23,78.42,54,65,59500000,56,56,56000000,0.941176471,13,12,0.7,39200000,,,#DIV/0!,looked good under microscope,,slow growth on benomyl assay-plate may have been dry??,,,,,,
3/9/22,12:00 PM,4 day,3,0.485,1.06E+08,101.45,14.43,101.01,137,149,143000000,130,128,129000000,0.902097902,13,12,0.8,103200000,,,#DIV/0!,looked good under microscope,,slow growth on benomyl assay-plate may have been dry??,,,,,,
3/9/22,1:00 PM,2 day,1,0.699,2.71E+08,59.09,24.47,52.07,205,229,217000000,193,229,211000000,0.97235023,18,17,0.4,84400000,,,#DIV/0!,looked good under microscope,,slow growth on benomyl assay-plate may have been dry??,,,,,,
3/9/22,1:00 PM,2 day,2,0.686,3.73E+08,65.91,26.98,59.6,197,217,207000000,202,181,191500000,0.925120773,18,17,0.4,76600000,,,#DIV/0!,looked good under microscope,,slow growth on benomyl assay-plate may have been dry??,,,,,,
3/11/22,1:00 PM,2 day,1,0.759,2.41E+08,57.69,24.47,49.56,311,294,302500000,301,286,293500000,0.970247934,19,18,0.4,117400000,,,#DIV/0!,looked good under microscope,,slow growth on benomyl assay-plate may have been dry??,,,,,,
3/11/22,1:00 PM,2 day,2,0.728,2.60E+08,60.77,26.98,54.58,233,261,247000000,217,248,232500000,0.941295547,19,18,0.4,93000000,,,#DIV/0!,looked good under microscope,,slow growth on benomyl assay-plate may have been dry??,,,,,,
3/11/22,1:00 PM,8 day,3b,0.523,1.22E+08,106.17,38.27,107.28,81,80,80500000,78,85,81500000,1.01242236,22,21,1.2,97800000,,,#DIV/0!,looked good under microscope,,slow growth on benomyl assay-plate may have been dry??,,,,,,
3/13/22,1:30 PM,4 day,1,0.6,1.27E+08,74.36,14.43,60.85,71,84,77500000,90,87,88500000,1.141935484,14,13,0.4,35400000,57,92,61.95652174,looked good under microscope,,,,,"A1,A3,A4,A5,A7,A11,B5,B9,B10,C3,C6,C9,D4,D10,E3,E7,E10,E12,F2,F3,F6,F8,F11,F12,G1,G2,G3,G4,G7,G9,G10,H2,H3,H5,H7",,,
3/13/22,1:30 PM,4 day,2,0.53,1.16E+08,82.37,29.49,70.89,102,113,107500000,98,104,101000000,0.939534884,14,13,0.7,70700000,86,92,93.47826087,looked good under microscope,,,,,"A1,A5,C10,E2,F1,G2",,,
3/13/22,1:30 PM,4 day,3,0.454,1.05E+08,101.1,14.43,97.24,53,43,48000000,34,48,41000000,0.854166667,14,13,0.4,16400000,91,92,98.91304348,looked good under microscope,,,,,D3,,,
3/13/22,2:00 PM,2 day,1,0.828,2.17E+08,58.62,25.72,50.82,196,208,202000000,221,187,204000000,1.00990099,20,19,0.4,81600000,10,92,10.86956522,looked good under microscope,,slow growth on benomyl assay-plate may have been dry??,"C3,C12,D3,E9,E11,F9,G2,G6,H2,H8",,,,,
3/13/22,2:00 PM,2 day,2,0.651,2.60E+08,62.97,28.23,54.58,221,225,223000000,217,216,216500000,0.970852018,20,19,0.4,86600000,1,92,1.086956522,looked good under microscope,,slow growth on benomyl assay-plate may have been dry??,H7,,,,,
3/15/22,1:00 PM,2 day,1,0.73,2.17E+08,59.76,25.72,52.07,200,187,193500000,172,227,199500000,1.031007752,21,20,0.4,79800000,32,92,34.7826087,looked good under microscope,,,"A1,A2,A4,A7,A9,B2,B4,B7,B10,C2,C3,C8,C11,C12,D3,D5,D6,D8,E6,E7,F1,F7,F10,G3,G6,G7,G8,G10,G12,H1,H2,H6",,,,,
3/15/22,1:00 PM,2 day,2,0.686,2.37E+08,58.22,24.47,50.82,204,224,214000000,220,212,216000000,1.009345794,21,20,0.4,86400000,7,92,7.608695652,looked good under microscope,,,"B11,B12,C11,E3,E11,F10,G6",,,,,
3/15/22,1:00 PM,10 day,1,0.689,2.23E+08,62.58,26.98,49.56,43,56,49500000,56,47,51500000,1.04040404,21,20,0.4,20600000,0,92,0,looked good under microscope,,,,,,,,
3/15/22,1:00 PM,10 day,3,0.674,2.69E+08,50.36,16.94,38.27,25,26,25500000,25,27,26000000,1.019607843,21,20,1.2,31200000,77,81,95.0617284,looked good under microscope,,,,,"A5,F3,F9,G1",,,
3/17/22,1:00 PM,2 day,1,0.733,2.49E+08,62.15,25.72,54.58,272,225,248500000,257,261,259000000,1.042253521,22,21,0.4,103600000,11,92,11.95652174,looked good under microscope,,,"A2,A4,B4,D10,E11,E12,G1,G2,G5,G10,H7",,,,,
3/17/22,1:00 PM,2 day,2,0.732,2.71E+08,60.56,26.98,53.33,201,196,198500000,241,196,218500000,1.100755668,22,21,0.4,87400000,2,92,2.173913043,looked good under microscope,,,"F8,G1",,,,,
3/17/22,1:00 PM,4 day,1,0.484,1.56E+08,79.98,25.72,68.38,121,138,129500000,152,139,145500000,1.123552124,15,14,0.5,72750000,68,92,73.91304348,looked good under microscope,,,,,"A8,A9,A12,B2,B4,B5,B9,C8,D6,D9,E2,E3,E8,E11,F1,F3,F5,F7,F8,G1,G5,G9,H1,H6",,,
3/17/22,1:00 PM,4 day,2,0.427,1.13E+08,86.09,28.23,79.68,43,67,55000000,57,53,55000000,1,15,14,0.5,27500000,80,92,86.95652174,looked good under microscope,,,,,"A3,B2,C3,E1,E4,F2,G2,G4,G5,H1,H2,H8",,,
3/17/22,1:00 PM,4 day,3,0.486,9.40E+07,105.97,14.43,104.77,78,99,88500000,73,96,84500000,0.95480226,15,14,0.9,76050000,90,92,97.82608696,looked good under microscope,,,,,"B6,F8",,,
3/19/22,12:00 PM,2 day,1,0.711,2.84E+08,68.46,28.23,58.35,307,351,329000000,395,326,360500000,1.095744681,23,22,0.4,144200000,10,92,10.86956522,looked good under microscope,,,"A11,B2,C1,D2,F1,F8,G2,G10,G12,H4",,,,,
3/19/22,12:00 PM,2 day,2,0.726,2.51E+08,64.89,29.49,57.09,192,213,202500000,200,213,206500000,1.019753086,23,22,0.4,82600000,0,92,0,looked good under microscope,,,,,,,,
3/19/22,12:00 PM,8 day,3b,0.592,1.25E+08,110.7,15.68,111.04,30,31,30500000,22,14,18000000,0.590163934,23,22,0.6,10800000,57,71,80.28169014,looked good under microscope,,,,,"A1,A3,A4,A8,A10,A12,B8,B11,C5,C9,C11,C12,D8,D10",,,
3/21/22,12:30 PM,2 day,1,0.72,2.75E+08,67.44,30.74,58.35,153,179,166000000,193,184,188500000,1.135542169,24,23,0.4,75400000,16,91,17.58241758,looked good under microscope,,,"A3,A7,A9,A10,B4,B10,C7,C10,D1,D9,D12,E6,F10,G2,G6,H1",G11,,,,
3/21/22,12:30 PM,2 day,2,0.839,2.26E+08,63.35,30.74,55.84,171,195,183000000,198,196,197000000,1.076502732,24,23,0.4,78800000,3,92,3.260869565,looked good under microscope,,,"B7,C5,D3",,,,,
3/21/22,1:00 PM,4 day,1,0.527,1.17E+08,76.91,26.98,64.62,120,,120000000,130,122,126000000,1.05,16,15,0.4,50400000,54,92,58.69565217,looked good under microscope,,,,,"A1,A2,A3,A4,A5,A7,A8,A12,B2,B3,B7,B10,C5,C6,C11,D3,D5,D12,E1,E2,E4,E6,E7,F3,F4,F5,F8,F9,F10,G3,G5,G7,G8,G10,G12,H1,H2,H6",,,
3/21/22,1:00 PM,4 day,2,0.574,9.92E+07,85.58,14.43,78.42,139,136,137500000,132,118,125000000,0.909090909,16,15,0.8,100000000,86,92,93.47826087,looked good under microscope,,,,,"B3,C1,D6,D11,F10,G5",,,
3/21/22,1:00 PM,4 day,3,0.564,9.15E+07,98.39,14.43,93.48,41,29,35000000,32,24,28000000,0.8,16,15,0.5,14000000,76,80,95,looked good under microscope,,,,,"D5,D6,F7.F12",,,
3/23/22,12:00 PM,2 day,1,0.701,2.25E+08,70.01,25.72,60.85,380,361,370500000,412,372,392000000,1.05802969,25,24,0.4,156800000,12,92,13.04347826,looked good under microscope,,,"A2,B1,B5,B8,C4,C11,D10,E4,E8,F3,F8,F12",,,,,
3/23/22,12:00 PM,2 day,2,0.706,2.13E+08,67.15,29.49,59.6,193,185,189000000,201,209,205000000,1.084656085,25,24,0.4,82000000,0,92,0,looked good under microscope,,,,,,,,
3/25/22,12:00 PM,2 day,1,0.819,2.92E+08,70.72,29.49,59.6,204,207,205500000,243,219,231000000,1.124087591,26,25,,0,16,92,17.39130435,looked good under microscope,populations was reitred,,"A2,A4,A5,A8,A10,A11,A12,B2,B8,C5,D4,D6,E8,E11,G8,H6",,,,,
3/25/22,12:00 PM,2 day,2,0.739,2.89E+08,65.21,29.49,58.35,170,184,177000000,179,211,195000000,1.101694915,26,25,,0,1,92,1.086956522,looked good under microscope,populations was reitred,,A4,,,,,
3/25/22,12:00 PM,10 day,1,0.604,1.66E+08,61.02,33.25,52.07,106,107,106500000,94,124,109000000,1.023474178,22,21,0.8,87200000,1,92,1.086956522,elongated cells observed in culture. possibly shmooing,,,G11,,,,,
3/25/22,12:00 PM,10 day,3,0.66,2.24E+08,43.38,15.68,34.51,15,14,14500000,16,9,12500000,0.862068966,22,21,1.2,15000000,25,43,58.13953488,looked good under microscope,,,,,"A1,A2,A4,A5,A8,A9,A10,A11,A12,B8,B11,B12,C1,C2,C4,D1,D2,D3",,,
3/25/22,1:00 PM,4 day,1,0.532,1.22E+08,78.87,25.72,65.87,69,66,67500000,84,71,77500000,1.148148148,17,16,0.4,31000000,62,92,67.39130435,looked good under microscope,,,,,"A5,A7,B4,B5,B7,B10,C1,C5,C10,D1,D8,D11,D12,E1,E3,E4,E11,E12,F1,F4,F8,F9,G1,G4,G6,G7,G8,G9,G10,H5",,,
3/25/22,1:00 PM,4 day,2,0.481,1.01E+08,87.31,28.23,79.68,52,60,56000000,73,72,72500000,1.294642857,17,16,0.4,29000000,79,92,85.86956522,looked good under microscope,,,,,"C3,C4,C5,C11,D2,E1,E2,E8,E11,F1,G5,G11,H2",,,
3/25/22,1:00 PM,4 day,3,0.504,9.64E+07,114.19,14.43,116.06,60,48,54000000,48,46,47000000,0.87037037,17,16,1,47000000,88,92,95.65217391,looked good under microscope,,,,,"A4,G2,G3,G8",,,
3/27/22,1:00 PM,8 day,3b,0.574,1.32E+08,109.43,15.68,97.24,49,47,48000000,35,36,35500000,0.739583333,24,23,1.2,42600000,72,92,78.26086957,looked good under microscope,,,,,"A6,A9,C5,C7,C9,C10,D4,D8,D9,D11,E3,E4,E6,E7,E10,F3,F4,F5,F9,G8",,,
3/29/22,12:15 PM,4 day,1,0.504,1.64E+08,81.85,15.68,68.38,66,82,74000000,69,55,62000000,0.837837838,18,17,0.6,37200000,61,92,66.30434783,looked good under microscope,,,,,"A3,A7,A10,A11,B7,B8,B12,C5,D2,D5,E1,E3,E6,E7,E10,E11,F1,F2,F3,F5,F7,F8,F11,F12,G4,G8,G10,G12,H1,H4,H7",,,
3/29/22,12:15 PM,4 day,2,0.452,1.16E+08,90.3,25.72,82.19,49,58,53500000,48,59,53500000,1,18,17,0.6,32100000,77,92,83.69565217,looked good under microscope,,,,,"A4,A5,A8,A9,A11,B2,B10,C2,C5,C9,D7,D9,E4,F10,G5",,,
3/29/22,12:15 PM,4 day,3,0.429,9.03E+07,108.92,14.43,108.54,53,45,49000000,50,42,46000000,0.93877551,18,17,0.9,41400000,86,92,93.47826087,looked good under microscope,,,,,"A8,B9,D8,D9,E1,F5",,,
4/2/22,12:30 PM,4 day,1,0.555,1.89E+08,83.19,15.68,70.89,120,109,114500000,133,126,129500000,1.131004367,19,18,0.7,90650000,65,92,70.65217391,looked good under microscope,,,,,"A5,A8,A11,A12,B3,B10,B12,C9,C12,D7,E1,E5,E7,E9,F3,F6,F8,F9,F11,G1,G2,G3,G4,G8,G10,H2,H5",,,
4/2/22,12:30 PM,4 day,2,0.449,1.12E+08,90.49,32,82.19,57,58,57500000,52,62,57000000,0.991304348,19,18,0.8,45600000,80,92,86.95652174,looked good under microscope,,,,,"A1,A4,B10,C1,C3,C9,E5,E6,E7,G6,G12,H5",,,
4/2/22,12:30 PM,4 day,3,0.433,1.00E+08,114.33,14.43,116.06,43,46,44500000,47,49,48000000,1.078651685,19,18,0.9,43200000,88,92,95.65217391,looked good under microscope,,,,,"A5,C12,E9,H3",,,
4/4/22,1:30 PM,10 day,1,0.761,2.32E+08,64.37,16.94,54.58,218,190,204000000,172,223,197500000,0.968137255,23,22,0.6,118500000,0,92,0,some elogated cells observed,,,,,,,,
4/4/22,1:30 PM,10 day,3,0.657,2.21E+08,44.71,16.94,34.51,19,17,18000000,19,28,23500000,1.305555556,23,22,1.2,28200000,74,76,97.36842105,looked good under microscope,,,,,"B4,C2",,,
4/4/22,1:30 PM,8 day,3b,0.707,1.11E+08,109.63,15.68,97.24,51,50,50500000,32,44,38000000,0.752475248,25,24,1,38000000,81,92,88.04347826,looked good under microscope,,,,,"A2,A4,A5,B9,C1,C10,D1,E6,H1,H3,H4",,,
4/6/22,1:00 PM,4 day,1,0.483,1.43E+08,85.35,34.51,72.15,87,71,79000000,74,70,72000000,0.911392405,20,19,0.6,43200000,63,92,68.47826087,looked good under microscope,,,,,"A5,A8,A9,B4,B7,C3,C5,C7,C8,C10,C12,D6,E2,E4,E5,E7,E10,F4,F5,G3,G6,G7,G8,G12,H2,H3,H4,H5,H7",,,
4/6/22,1:00 PM,4 day,2,0.399,9.39E+07,95.98,35.76,90.97,53,52,52500000,53,53,53000000,1.00952381,20,19,0.7,37100000,74,91,81.31868132,looked good under microscope,,,,,"A2,A6,A7,B4,C11,C12,D9,E2,E5,E12,F4,F12,G2,G4,G8,H2,H3",,,
4/6/22,1:00 PM,4 day,3,0.4,1.11E+08,112.18,14.43,112.3,14,34,24000000,25,28,26500000,1.104166667,20,19,0.8,21200000,73,82,89.02439024,looked good under microscope,,,,,"A10,C2,C4,C5,C6,D5,F1,G7,G8",,,
4/10/22,11:00 AM,4 day,1,0.565,1.49E+08,83.54,15.6,72.15,178,170,174000000,180,207,193500000,1.112068966,21,20,0.6,116100000,55,92,59.7826087,looked good under microscope,,,,,"A3,A4,A5,A6,A7,A8,A9,B1,B3,B5,B6,B12,C2,C3,C5,C6,C9,C11,C12,D1,D2,D3,E1,E3,E4,E5,F2,F3,F5,F6,F9,G3,G7,G10,G11,H1,H2,",,,
4/10/22,11:00 AM,4 day,2,0.456,1.05E+08,93.37,14.43,85.95,49,63,56000000,58,54,56000000,1,21,20,0.8,44800000,78,92,84.7826087,looked good under microscope,,,,,"A7,A8,A12,C12,D3,D9,D11,E11,F3,F7,F10,G2,H3,H6",,,
4/10/22,11:00 AM,4 day,3,0.431,9.62E+07,113.72,14.43,113.55,156,157,156500000,154,145,149500000,0.955271566,21,20,1.2,179400000,77,92,83.69565217,looked good under microscope,,,,,"A3,A8,B1,C9,C11,E2,E3,E7,E8,E10,E11,F5,G4,G5,G7",,,
4/12/22,1:15 PM,8 day,3b,0.578,1.25E+08,116.37,15.68,106.03,18,17,17500000,16,19,17500000,1,26,25,,0,61,65,93.84615385,looked good under microscope,population was retired,,,,"A12,A7,D5,E11",,,
4/14/22,12:00 PM,4 day,1,0.58,1.76E+08,85.4,15.68,73.4,72,59,65500000,73,73,73000000,1.114503817,22,21,0.4,29200000,57,92,61.95652174,looked good under microscope,,,,,"A3,A5,A10,B4,B5,B6,B9,C1,C2,C6,C7,C9,D4,D9,D11,D12,E1,E2,E3,E4,E5,E10,E12,F3,F5,F9,G1,G4,G6,G10,G11,H4,H6,H7,H8",,,
4/14/22,12:00 PM,4 day,2,0.48,1.30E+08,87.94,15.68,79.68,54,51,52500000,54,47,50500000,0.961904762,22,21,0.8,40400000,69,92,75,looked good under microscope,,,,,"A5,A11,B4,B5,B7,B8,B11,C9,C10,C11,D2,D5,D7,D8,D11,E6,E10,F5,F8,F12,G10,H2,H3",,,
4/14/22,12:00 PM,4 day,3,0.438,9.99E+07,100.86,14.43,95.99,37,38,37500000,29,46,37500000,1,22,21,0.5,18750000,48,68,70.58823529,looked good under microscope,,,,,"A3,A4,A5,A8,A10,A11,C4,C5,C6,C8,C9,C10,D3,D4,D8,E9,E10,E12,F5,F11",,,
4/14/22,1:00 PM,10 day,1,0.811,1.67E+08,60.54,39.52,50.82,88,87,87500000,83,91,87000000,0.994285714,24,23,0.5,43500000,2,92,2.173913043,looked good under microscope,,,"F5,F11",,,,,
4/14/22,1:00 PM,10 day,3,0.733,1.93E+08,39.86,15.68,30.74,85,64,74500000,86,76,81000000,1.087248322,24,23,1.2,97200000,82,92,89.13043478,looked good under microscope,,,,,"A3,A4,A10,B1,B9,C8,E1,E11,F1,G8",,,
4/18/22,1:00 PM,4 day,1,0.606,2.37E+08,94.26,15.68,78.42,160,175,167500000,176,298,237000000,1.414925373,23,22,0.6,142200000,60,92,65.2173913,looked good under microscope,,,,,"A5,A6,A7,A12,B3,B8,B9,B11,C1,C3,C7,C8,C11,D1,D2,D6,D8,D9,D11,E1,E5,E8,F1,F4,F9,F10,G1,G7,G11,G12,H1,H6",,,
4/18/22,1:00 PM,4 day,2,0.466,1.24E+08,91.91,15.68,83.44,63,53,58000000,67,63,65000000,1.120689655,23,22,0.7,45500000,85,92,92.39130435,looked good under microscope,,,,,"B4,B11,D9,E12,F11,G8,G12",,,
4/18/22,1:00 PM,4 day,3,0.432,1.20E+08,95.87,15.68,85.95,48,62,55000000,56,44,50000000,0.909090909,23,22,1,50000000,69,92,75,looked good under microscope,,,,,"A2,A6,A12,B4,B6,B8,B9,B10,B12,C2,C4,C7,C8,C10,D5,D10,E9,F2,F6,G5,G6,G11,G12",,,
4/22/22,12:00 PM,4 day,1,0.584,1.55E+08,82.87,15.68,68.38,89,85,87000000,98,76,87000000,1,24,23,0.7,60900000,42,92,45.65217391,looked good under microscope,,,"A1,A4,A5,A7,A11,B1,B4,B11,B12,C1,C2,C3,C4,C5,C8,C9,C10,C11,C12,D1,D3,D9,D11,E1,E7,E8,E10,E12,F1,F4,F5,F6,F9,G2,G5,G7,G9,H1,H3,H4,H5,H8",,,,,
4/22/22,12:00 PM,4 day,2,0.477,1.31E+08,100.73,15.68,95.99,114,90,102000000,115,99,107000000,1.049019608,24,23,0.7,74900000,78,92,84.7826087,looked good under microscope,,,,,"A1,A6,A11,B4,B9,C1,C8,C11,C12,F1,F8,G4,H3,H7",,,
4/22/22,12:00 PM,4 day,3,0.437,9.64E+07,100.06,14.43,93.48,28,24,26000000,25,23,24000000,0.923076923,24,23,0.7,16800000,69,73,94.52054795,looked good under microscope,,,,,"C9,D6,F3,F4",,,
4/24/22,1:30 PM,10 day,1,0.747,2.73E+08,65.67,18.19,54.58,77,85,81000000,75,93,84000000,1.037037037,25,24,0.6,50400000,1,91,1.098901099,looked good under microscope,,,C6,,,,,
4/24/22,1:30 PM,10 day,3,0.669,2.20E+08,45.08,16.94,34.51,12,10,11000000,20,13,16500000,1.5,25,24,0.6,9900000,42,49,85.71428571,looked good under microscope,,,,,"A1,A4,A7,A12,B6,C10,D4",,,
4/26//22,11:00 AM,4 day,1,0.671,1.49E+08,78.94,28.23,64.62,99,77,88000000,96,92,94000000,1.068181818,25,24,0.6,56400000,37,92,40.2173913,looked good under microscope,,,"A1,A6,A10,A12,B12,C2,C4,C6,C9,D1,D5,D7,D8,D9,D12,E2,E3,E4,E6,E8,E9,E10,E11,F1,F3,F5,F6,F7,G1,G8,G9,G10,H1,H4,H5,H7,H8",,,,,
4/26//22,11:00 AM,4 day,2,0.477,9.78E+07,95.32,29.49,90.97,49,45,47000000,63,59,61000000,1.29787234,25,24,0.6,36600000,74,92,80.43478261,looked good under microscope,,,,,"A5,A10,C5,C6,D4,D7,D9,D12,E4,E8,F4,F11,G2,G11,G12,H6,H7,H8",,,
4/26//22,11:00 AM,4 day,3,0.471,8.86E+07,106.94,14.43,107.28,25,21,23000000,28,23,25500000,1.108695652,25,24,1,25500000,92,92,100,looked good but many cells were dead and spilling guts,,,,,,,,
4/30/22,1:30 PM,4 day,1,0.558,1.73E+08,86.17,34.51,72.15,134,114,124000000,127,130,128500000,1.036290323,26,25,,0,45,92,48.91304348,looked good under microscope,population was retired,,"A1,A2,A3,A4,A5,A10,A11,B1,B3,B4,B6,B11,B12,C1,C2,C3,C5,C6,C7,C8,C9,C12,D5,D8,E1,E2,E3,E5,E12,F4,F6,F7,F8,F9,F11,F12,G2,G5,G6,G8,G9,G10,G12,H2,H5",,,,,
4/30/22,1:30 PM,4 day,2,0.483,1.04E+08,100.5,89.71,95.99,165,153,159000000,160,158,159000000,1,26,25,,0,82,92,89.13043478,looked good under microscope,population was retired,,,,"A3,A7,B8,D5,D8,E4,F3,F7,G10,G11",,,
4/30/22,1:30 PM,4 day,3,0.43,1.05E+08,109.81,14.43,109.79,47,63,55000000,41,62,51500000,0.936363636,26,25,,0,92,92,100,looked good under microscope,population was retired,,,,,,,
5/4/22,1:30 PM,10 day,1,0.736,1.79E+08,60.66,35.76,52.07,64,94,79000000,93,83,88000000,1.113924051,26,25,,0,,,#DIV/0!,looked good under microscope,population was retired,,,,,,,
5/4/22,1:30 PM,10 day,3,0.728,1.85E+08,43.39,15.68,33.25,19,17,18000000,16,20,18000000,1,26,25,,0,,,#DIV/0!,looked good under microscope,population was retired,,,,,,,
,,,,,,,,,,,#DIV/0!,,,#DIV/0!,#DIV/0!,,,,#DIV/0!,,,#DIV/0!,,,,,,,,,
,,,,,,,,,,,#DIV/0!,,,#DIV/0!,#DIV/0!,,,,#DIV/0!,,,#DIV/0!,,,,,,,,,
,,,,,,,,,,,#DIV/0!,,,#DIV/0!,#DIV/0!,,,,#DIV/0!,,,#DIV/0!,,,,,,,,,
,,,,,,,,,,,#DIV/0!,,,#DIV/0!,#DIV/0!,,,,#DIV/0!,,,#DIV/0!,,,,,,,,,
,,,,,,,,,,,#DIV/0!,,,#DIV/0!,#DIV/0!,,,,#DIV/0!,,,#DIV/0!,,,,,,,,,
,,,,,,,,,,,#DIV/0!,,,#DIV/0!,#DIV/0!,,,,#DIV/0!,,,#DIV/0!,,,,,,,,,
,,,,,,,,,,,#DIV/0!,,,#DIV/0!,#DIV/0!,,,,#DIV/0!,,,#DIV/0!,,,,,,,,,
,,,,,,,,,,,,,,#DIV/0!,#DIV/0!,,,,#DIV/0!,,,#DIV/0!,,,,,,,,,
,,,,,,,,,,,,,,#DIV/0!,#DIV/0!,,,,#DIV/0!,,,#DIV/0!,,,,,,,,,
,,,,,,,,,,,,,,#DIV/0!,#DIV/0!,,,,#DIV/0!,,,#DIV/0!,,,,,,,,,
,,,,,,,,,,,,,,#DIV/0!,#DIV/0!,,,,#DIV/0!,,,#DIV/0!,,,,,,,,,
,,,,,,,,,,,,,,#DIV/0!,#DIV/0!,,,,#DIV/0!,,,#DIV/0!,,,,,,,,,
,,,,,,,,,,,,,,#DIV/0!,#DIV/0!,,,,#DIV/0!,,,#DIV/0!,,,,,,,,,
,,,,,,,,,,,,,,#DIV/0!,#DIV/0!,,,,#DIV/0!,,,#DIV/0!,,,,,,,,,
,,,,,,,,,,,,,,#DIV/0!,#DIV/0!,,,,#DIV/0!,,,,,,,,,,,,
,,,,,,,,,,,,,,#DIV/0!,#DIV/0!,,,,#DIV/0!,,,,,,,,,,,,
,,,,,,,,,,,,,,,#DIV/0!,,,,0,,,,,,,,,,,,
,,,,,,,,,,,,,,,#DIV/0!,,,,0,,,,,,,,,,,,
,,,,,,,,,,,,,,,#DIV/0!,,,,0,,,,,,,,,,,,
,,,,,,,,,,,,,,,#DIV/0!,,,,,,,,,,,,,,,,
,,,,,,,,,,,,,,,#DIV/0!,,,,,,,,,,,,,,,,
,,,,,,,,,,,,,,,#DIV/0!,,,,,,,,,,,,,,,,
,,,,,,,,,,,,,,,#DIV/0!,,,,,,,,,,,,,,,,
,,,,,,,,,,,,,,,#DIV/0!,,,,,,,,,,,,,,,,
,,,,,,,,,,,,,,,#DIV/0!,,,,,,,,,,,,,,,,
,,,,,,,,,,,,,,,#DIV/0!,,,,,,,,,,,,,,,,
,,,,,,,,,,,,,,,#DIV/0!,,,,,,,,,,,,,,,,
,,,,,,,,,,,,,,,#DIV/0!,,,,,,,,,,,,,,,,
,,,,,,,,,,,,,,,#DIV/0!,,,,,,,,,,,,,,,,
,,,,,,,,,,,,,,,#DIV/0!,,,,,,,,,,,,,,,,
,,,,,,,,,,,,,,,#DIV/0!,,,,,,,,,,,,,,,,
,,,,,,,,,,,,,,,#DIV/0!,,,,,,,,,,,,,,,,
,,,,,,,,,,,,,,,#DIV/0!,,,,,,,,,,,,,,,,
,,,,,,,,,,,,,,,#DIV/0!,,,,,,,,,,,,,,,,
,,,,,,,,,,,,,,,#DIV/0!,,,,,,,,,,,,,,,,
,,,,,,,,,,,,,,,#DIV/0!,,,,,,,,,,,,,,,,
,,,,,,,,,,,,,,,#DIV/0!,,,,,,,,,,,,,,,,
,,,,,,,,,,,,,,,#DIV/0!,,,,,,,,,,,,,,,,
,,,,,,,,,,,,,,,#DIV/0!,,,,,,,,,,,,,,,,
,,,,,,,,,,,,,,,#DIV/0!,,,,,,,,,,,,,,,,
,,,,,,,,,,,,,,,#DIV/0!,,,,,,,,,,,,,,,,
,,,,,,,,,,,,,,,#DIV/0!,,,,,,,,,,,,,,,,