Fitness_Per_Cycle,Error_Fitness,Cell_Number,Error_Cell_Number,Log_Likelihood_Value,Mean_Fitness,Kappa_Value,Inference_Time
3.217419554,0.008471157,185492.8709,325.0176343,-1507.850232,0,2.5,232.64876
2.915163032,0.018402425,67888.19036,1521.318673,-376.8771146,5.23031338,2.5,236.93006
3.85630668,0.019368709,11006.58611,407.0333284,-212.3777055,5.586838754,2.5,225.60782
0.816631435,0.494519307,1370.823565,222.4957567,-7.811819853,6.485259374,2.5,
2.047439558,1.819601194,30.26578293,26.25444342,-4.848218202,6.5033333,2.5,
2.671017125,0.022455526,68827.41195,441.6266257,-333.7680102,,,
0.752682823,0.439639825,1921.082883,268.795766,-9.250263782,,,
1.064399437,0.414351493,1495.929883,235.3970185,-8.129564893,,,
1.116923623,0.364256989,1843.378488,261.3585911,-9.004673298,,,
0.555218284,0.497978696,1785.669217,255.5286416,-8.132057156,,,
0.532567671,0.54569784,1536.158285,236.6255823,-8.083917659,,,
0.437483193,0.770062554,845.0606696,176.1904464,-7.140162266,,,
-0.128775692,0.980997529,929.1938203,185.5235061,-7.089650413,,,
0.496729759,0.495007065,1972.632593,269.4802932,-8.863610376,,,
0.511142132,0.469091392,2167.070367,284.4574622,-9.107365699,,,
1.297987821,0.401822247,1253.310775,216.4630744,-8.357721074,,,
0.78208328,0.458992208,1695.395036,251.707406,-8.913543868,,,
0.940849684,0.42377544,1682.487084,250.9269352,-8.885746956,,,
0.706390304,0.520350929,1414.267861,226.6360853,-8.167141087,,,
0.793516151,0.418486665,2002.887108,271.0727873,-8.928914932,,,
0.811279787,0.457160176,1626.605876,245.6002405,-8.115490699,,,
0.580333003,0.509247558,1684.932074,247.2643859,-8.388819644,,,
3.550953884,0.109375002,730.2756847,128.1474242,-13.60365491,,,
0.562399366,0.493996972,1838.30219,259.4766968,-8.663067568,,,
0.772275753,0.411885182,2100.802778,279.9847224,-8.841358796,,,
0.879799874,0.376235501,2229.762974,287.5701248,-8.986785214,,,
0.052876656,0.512004245,2822.592307,322.3056198,-8.43975318,,,
0.427966162,0.511837513,1937.006089,266.502162,-8.173848709,,,
-8,33.34661065,1009.784772,190.8076602,-6.712113915,,,
-0.472293305,0.968570724,1342.945199,219.9248793,-7.267417476,,,
0.831297661,0.425351169,1862.340183,264.1390458,-8.84192419,,,
0.900472783,0.478362333,1385.661048,225.3972103,-8.472483183,,,
0.983898374,0.356256275,2268.040325,288.4413458,-9.743454126,,,
0.44842811,0.564761198,1561.393909,238.5576467,-8.006381843,,,
1.418796974,0.38006949,1203.160934,213.1008659,-8.162753634,,,
0.741281648,0.506280325,1469.036865,233.2572772,-8.683347196,,,
0.328148336,0.548767142,1798.295131,256.7545968,-7.35081807,,,
3.832226073,0.046951622,2524.10861,208.298982,-15.36502467,,,
1.22694249,0.328522395,2062.335842,279.6679131,-9.871140474,,,
0.69507231,0.490381919,1598.541346,241.7685634,-8.172605886,,,
-0.198360915,0.931360873,1089.276223,200.2672893,-7.04439213,,,
0.68822465,0.511891153,1462.886225,233.57493,-7.80026376,,,
1.239247983,0.172102506,7057.125016,512.2154679,-12.01150259,,,
-0.520192669,0.964169124,1399.652603,225.1698807,-7.138382216,,,
-1.5244359,0.309065388,36775.48802,727.0978912,-10.03317645,,,
0.805835058,0.408153217,2066.871838,275.1231666,-8.714573848,,,
0.604810271,0.39887836,2682.299096,314.5336059,-9.593251348,,,
1.163548058,0.155945425,9447.622972,561.5104894,-15.03021483,,,
-0.549695397,1.0807354,1139.336358,201.489532,-6.915162318,,,
-1.483862591,0.48234465,14117.86091,628.315505,-8.056248451,,,
-1.395727731,0.440310276,15496.49191,817.5280388,-8.109925598,,,
0.414464206,0.257388974,7607.251401,559.9526286,-10.17572144,,,
1.020900477,0.183751471,7958.138175,564.2022547,-13.25533946,,,
-1.067327924,0.70235932,4642.475077,406.5533506,-8.648936577,,,
-1.559842303,0.450337174,17489.00125,604.3865232,-8.165275936,,,
-0.373020345,0.36143568,8734.122203,562.6790606,-10.85485664,,,
3.436300579,0.098840636,873.4542993,142.1839328,-9.212785071,,,
3.387283651,0.09056301,1286.397608,183.1438295,-10.99339962,,,
3.390390003,0.096966438,967.7800813,149.3112357,-9.868046528,,,
3.264714588,0.106017572,1115.71343,177.1708184,-9.763025027,,,
0.437433284,0.594993421,1383.58063,225.5967801,-7.327119227,,,
3.410205743,0.098283973,1041.869006,158.7551367,-10.37904897,,,
3.48365374,0.100514532,741.5846649,124.4632376,-9.388392494,,,
0.568841473,0.635224902,1046.002498,196.6187859,-6.990014067,,,
3.478281334,0.103227343,735.8676418,126.8915826,-8.967110152,,,
3.33885751,0.095052577,1307.472889,189.8302724,-11.11987229,,,
3.547286159,0.069875016,1595.96081,186.2318416,-12.97993599,,,
0.78047423,0.707329319,646.7369776,150.8372472,-6.491211119,,,
1.234218462,0.208068142,4829.477035,413.7978018,-10.08633363,,,
3.371582576,0.131099658,554.6359272,115.6698154,-7.644869235,,,
3.698679773,0.018992711,16056.07444,535.1995586,-371.4305472,,,
0.516918422,0.697251693,911.2972654,181.927236,-6.823831459,,,
3.53275624,0.076959419,1412.829759,177.7906694,-14.42966181,,,
3.343408294,0.127375436,630.2690466,126.1594722,-7.323462351,,,
3.39036631,0.102820039,917.1382869,150.1159743,-9.259615369,,,
0.170685406,0.746778061,1133.315271,203.0185038,-6.898211666,,,
3.479542569,0.102514882,908.0370642,150.2699706,-10.62565771,,,
-0.139775844,0.823664365,1310.33291,219.6380364,-7.246033442,,,
2.532113389,0.193201315,1125.456457,208.3012332,-9.199764231,,,
3.300626457,0.104239486,1186.044112,186.2136861,-10.85758482,,,
3.617987245,0.083333922,951.0007248,136.6377278,-10.92947667,,,
3.189752322,0.093772303,1679.419052,232.5318449,-12.68723408,,,
1.181272532,0.98303538,216.812618,85.32099393,-5.906873914,,,
3.316403767,0.106571504,926.0134418,150.7877793,-8.40122772,,,
3.478466428,0.119397404,562.4385566,109.6819584,-8.922616963,,,
3.284623376,0.118121821,853.5363046,155.5670087,-8.294382826,,,
3.455313402,0.118105781,600.1848362,115.6414182,-7.944015675,,,
3.295392735,0.099404364,1327.244578,196.9165968,-11.55470945,,,
0.904864609,0.733114195,536.9790717,139.1223166,-6.454686288,,,
3.259933891,0.121041962,908.8698008,167.5494239,-10.06234913,,,
2.068491046,0.616277945,198.1998395,82.12985231,-5.977090123,,,
3.46860884,0.111462399,686.379295,126.213668,-8.936585965,,,
0.744111026,0.746834872,633.469552,151.33396,-6.689243545,,,
0.283091846,0.542319411,1912.825348,264.1114947,-7.233664347,,,
0.614997395,0.609554966,1077.428487,197.7886843,-6.966662309,,,
-1.456748872,1.660065883,1211.906768,211.2678978,-7.025145251,,,
0.290603785,0.661930454,1307.52432,218.9460204,-7.296726386,,,
0.36147953,0.577284166,1603.791275,241.0523995,-7.525604249,,,
0.675566571,0.744532044,681.3203285,155.7310648,-6.687742714,,,
0.748314947,0.521109638,1310.976937,219.4917734,-7.366708478,,,
-0.867753424,1.510254759,804.3901143,170.5023217,-6.684572776,,,
0.416709092,0.602492308,1407.270891,228.405196,-7.605503031,,,
0.20456299,0.759994993,1022.248439,189.9377611,-6.714230656,,,
-0.522470288,1.006902035,1249.100675,212.9742035,-6.904694108,,,
-0.25281615,0.721014473,1892.669241,260.5386934,-7.287397027,,,
-0.503703085,1.252110197,818.2036001,171.5518998,-6.766503564,,,
3.306120502,0.098301074,1259.338457,185.1707958,-11.85171677,,,
0.657553139,0.580543551,1143.146929,203.3504174,-7.089976936,,,
0.127583,0.634268659,1677.183387,244.9828598,-7.422480103,,,
0.402949591,0.557287601,1621.741151,245.6581893,-7.298077401,,,
3.116997185,0.117764412,1138.392328,190.1565217,-9.848615066,,,
3.351650996,0.086477787,1484.332244,199.751751,-11.53706753,,,
3.337792485,0.086945276,1551.673126,208.1136179,-12.12268923,,,
-0.579036419,1.279733589,844.0175188,174.767546,-6.771006709,,,
3.315207536,0.147512203,666.4993895,143.5995833,-14.19904376,,,
3.456453676,0.094259845,941.5969453,146.0807652,-9.791691057,,,
-0.49308526,1.119878087,1024.058708,191.4995754,-7.026796233,,,
3.291129964,0.090517857,1495.378915,201.628185,-10.9139273,,,
1.475799055,0.392351387,1046.209029,196.3396557,-7.564548142,,,
0.094850336,0.935530591,793.4252968,169.1841882,-6.750896092,,,
3.357079357,0.088843815,1361.294608,189.3301572,-9.88850061,,,
-0.054587667,0.585089361,2404.672563,295.5413853,-8.025535662,,,
0.501010363,0.630491808,1139.495963,204.1235447,-7.028563324,,,
3.321720577,0.092352254,1285.106397,186.0561262,-9.790197094,,,
3.372945717,0.095986579,1077.353714,162.9942061,-9.498993494,,,
0.159847173,0.545338825,2212.16398,282.935244,-8.038683699,,,
3.370464591,0.094834735,1280.03568,188.8402821,-10.98605618,,,
0.37918682,0.546799646,1722.662069,249.0798111,-7.354580446,,,
3.887588358,0.136581344,369.5054282,85.15213499,-6.733216456,,,
3.412455669,0.088487888,1427.508242,196.346125,-14.24757655,,,
3.22103355,0.098482434,1491.267912,214.5212972,-12.14147147,,,
3.223700704,0.091825186,1613.840189,220.0834598,-11.15339837,,,
3.256063648,0.095989668,1458.586978,210.894896,-11.98188467,,,
3.32680122,0.125007234,676.7787503,132.8871835,-8.32063855,,,
3.315776963,0.099878814,1142.10932,175.3440871,-9.326145335,,,
3.382867933,0.109330922,778.2268643,136.5569415,-8.52949751,,,
2.924615439,0.168023695,760.600985,158.2081826,-8.13907992,,,
3.314114832,0.095214804,1436.968433,206.7774992,-12.40509284,,,
0.703262851,0.522968942,1345.082028,223.4887253,-7.269544715,,,
0.40101589,0.667954042,1138.54876,203.8072134,-7.121297045,,,
3.19012716,0.123209465,888.4701773,160.1118179,-8.408484086,,,
0.37958542,0.547589666,1716.49559,249.6180034,-7.297871705,,,
3.393623011,0.097416534,973.4199951,151.1753861,-9.532817228,,,
2.097332401,0.259440548,1089.283984,200.1275625,-7.699436114,,,
-0.097704689,0.686638971,1801.657711,256.5693762,-7.402033852,,,
3.266559937,0.099791474,1207.548708,182.5461564,-9.137020881,,,
3.312682436,0.152544652,491.1983724,114.2505735,-7.890789939,,,
2.418303012,0.148848692,2300.149703,302.1319256,-13.3885611,,,
3.201198225,0.108576603,1131.245748,178.7920672,-8.847601386,,,
0.408469568,0.637893495,1257.509028,214.3281236,-7.418972073,,,
3.298594766,0.099286805,1167.21296,178.4383879,-9.120619984,,,
0.373534111,0.724220806,979.9712478,188.3739665,-6.845792991,,,
0.386276671,0.649588131,1222.940937,210.4043457,-7.182209852,,,
3.404793136,0.090625974,1081.045884,157.8516542,-9.449293425,,,
1.61341412,0.170687902,4575.537038,411.1488345,-9.290611906,,,
3.350278653,0.087278742,1401.543559,188.9020984,-10.64024661,,,
0.784494747,0.572894327,1008.950724,191.0424693,-6.859286621,,,
2.900646803,0.126947446,1481.521461,232.778097,-10.63516894,,,
3.269582614,0.086376179,1726.653848,224.1232401,-12.40725984,,,
0.127834368,0.584296952,1954.832701,267.4605154,-7.40639461,,,
1.19593071,0.404325704,1370.625145,225.3036572,-8.299106867,,,
1.187243318,0.16310103,8549.082983,587.0230541,-15.28515539,,,
3.388975724,0.10367387,866.3325424,144.6368333,-8.37444268,,,
0.65656215,0.553534543,1252.805126,213.3697599,-7.107527744,,,
0.172722368,0.565056008,2031.532364,273.6432091,-7.809369295,,,
0.292764607,0.605534485,1568.152131,238.8070636,-7.521247358,,,
3.338820021,0.091395955,1406.927309,197.3122533,-11.67418953,,,
0.463724981,0.612496525,1252.848051,214.7275338,-7.07882237,,,
0.464943995,0.664467659,1078.219639,198.8669773,-7.110340143,,,
0.373621254,0.660327197,1173.52215,204.7217326,-6.929552353,,,
3.09861282,0.100613138,1628.912041,229.9054885,-12.36425311,,,
3.315978538,0.09973997,1119.118887,172.9862683,-9.692464863,,,
0.159592214,0.623960257,1708.053311,250.1238321,-7.731554336,,,
0.234848797,0.620130902,1568.170062,237.980807,-7.358998278,,,
3.404887949,0.082050712,1443.885502,188.1638365,-11.11367121,,,
0.455603706,0.594374923,1354.057774,223.5934693,-7.25117134,,,
0.095540272,0.630939402,1807.618939,257.475678,-8.099186761,,,
3.250624738,0.09472632,1536.586388,214.8300067,-11.17257507,,,
1.787183611,0.23755444,2060.450771,279.3773035,-10.66002521,,,
0.349504087,0.676178,1162.577063,206.6148541,-7.042480474,,,
0.485772787,0.657123299,1046.002487,195.2558273,-6.822348329,,,
0.781858177,0.612594779,880.2343661,177.1475606,-6.738043977,,,
3.315925111,0.096511453,1255.114142,184.641255,-11.14877022,,,
3.279271257,0.091151225,1560.762838,213.9024069,-12.00726368,,,
-0.191174091,0.67974214,2059.615956,273.6741211,-7.878485799,,,
2.578228391,0.159696031,1561.793486,246.3437466,-11.41450047,,,
0.325495069,0.572554313,1692.984965,249.4559233,-7.659433607,,,
0.135992206,0.657524373,1519.241665,234.7603455,-7.114619279,,,
-2.107561301,7.74660065,110.5540095,58.67107709,-5.558053847,,,
-0.031681897,0.762605644,1387.662975,225.3286417,-7.40467745,,,
3.22362165,0.083477293,1954.562347,245.5017234,-13.23695417,,,
0.72037841,0.735234448,637.9969633,148.9414849,-6.481506051,,,
3.27945381,0.111065925,1026.853244,174.8009927,-11.13864816,,,
3.210102015,0.108228289,1098.147405,174.8057172,-9.017527848,,,
-0.866611968,1.071307907,1671.344766,245.9955216,-7.915657093,,,
0.252268191,0.705857759,1172.753261,207.8948597,-6.974777428,,,
0.317260957,0.557686278,1779.966507,253.739885,-7.437852208,,,
0.81643932,0.541266663,1123.926652,204.0005015,-7.195834352,,,
0.796942743,0.918156443,401.0043411,119.5267277,-6.439406149,,,
0.534821994,1.369389196,242.4430062,91.349492,-6.136554061,,,
0.111983058,2.272280798,133.0768022,65.26774226,-5.679648784,,,
-6.192369836,38.0519203,127.2061991,63.87710388,-5.603378057,,,
-8,65.08562369,265.0686131,95.28302914,-6.011305539,,,
-0.055840942,1.754459595,274.3093357,97.00559487,-6.21210561,,,
0.16384149,1.839165396,195.429652,81.27973385,-5.938893542,,,
0.7087092,0.425137452,2175.424186,281.2939447,-9.875823016,,,
0.218550059,1.007386346,596.5338304,147.7946999,-6.545620016,,,
1.814049759,0.945308749,129.2954216,66.38913197,-6.088019217,,,
1.477700649,0.065627248,38123.33507,1463.46715,-59.47973652,,,
2.577909281,0.069970132,8281.529214,547.9560474,-41.62679977,,,
1.141355417,1.106416122,194.662862,82.0511466,-6.050695746,,,
0.753775798,0.645402735,889.5440746,178.660876,-7.608565247,,,
1.336129675,0.076210687,34446.17667,724.3423091,-73.37751624,,,
0.32900613,1.65197741,190.9021502,79.81294032,-5.835227156,,,
-0.227096423,2.937568102,120.654678,61.77596378,-5.710430624,,,
1.408302985,0.0799019,28522.04437,695.2364025,-61.48039354,,,
1.332721075,0.079867922,31591.94998,817.916025,-76.23504566,,,
2.597323195,0.23258668,739.5236713,173.6279812,-10.90802156,,,
2.864675151,0.065962144,5883.810864,497.1196168,-39.98276563,,,
0.757044689,0.425804865,1974.537505,270.1306507,-8.451496894,,,
1.106707732,0.333400029,2225.107574,287.1954803,-9.318285761,,,
1.121616121,0.370306556,1780.027432,256.3946075,-8.888310602,,,
0.996387433,0.318911367,2743.167052,316.3040024,-9.589459796,,,
0.497708263,0.540484087,1636.332393,245.1845936,-8.370401328,,,
2.872960966,0.078056968,4165.735771,406.4105193,-35.50129113,,,
1.007153089,0.394905044,1825.411965,262.2491397,-9.675138892,,,
1.329793548,0.314655412,1995.981188,274.3690509,-10.17963059,,,
0.89194865,0.409086131,1860.672183,261.5334547,-8.581497254,,,
0.499708571,0.453592362,2334.261351,292.9851708,-9.308797938,,,
2.910360677,0.088867615,2764.222725,304.7368919,-11.6532662,,,
2.690923984,0.08966607,4232.05347,405.6343443,-33.0647988,,,
2.431905967,0.507197139,189.9503083,83.35008954,-6.270002145,,,
1.077511808,0.38335129,1757.06028,254.1840682,-8.917016425,,,
1.183681126,0.35686293,1771.336088,256.0204867,-8.593918194,,,
0.823900663,0.439211398,1785.265974,258.1413174,-9.065109059,,,
-0.405882231,0.888401069,1485.541429,231.831415,-7.343595058,,,
0.724542517,0.404978678,2341.367207,294.0731502,-9.857658487,,,
0.749021718,0.442502031,1883.471698,264.2118739,-9.035466082,,,
0.761087321,0.359882245,2822.26075,323.7513045,-10.15581044,,,
2.652212918,0.06652304,7985.581122,530.9672334,-37.50238017,,,
0.859283437,0.344221449,2718.017457,316.0903793,-9.379875131,,,
1.233434099,0.370606304,1567.258301,240.9115944,-8.644933332,,,
2.88808095,0.056838071,7574.432127,548.9321842,-52.19855548,,,
1.155778903,0.406791582,1442.605436,233.460012,-8.751074065,,,
0.883908681,0.368507297,2349.472907,297.5993462,-9.774814881,,,
0.626405329,0.391803992,2778.725909,320.3628013,-10.48719444,,,
2.511565166,0.075047672,7826.906077,510.299283,-36.43075345,,,
2.263433963,0.584717913,173.743978,76.8432555,-6.043490646,,,
3.298851612,0.082788296,1869.154803,231.9399006,-15.31329657,,,
3.215287268,0.051255579,4968.585432,380.3393756,-29.02627825,,,
3.387595853,0.08952183,1226.768063,173.7120981,-10.50795352,,,
3.285212796,0.089608235,1506.178923,205.3470233,-10.88469967,,,
1.410143499,0.279279611,2323.914079,294.9659508,-10.29363996,,,
1.309035734,0.681254225,401.788423,119.9255541,-6.339870427,,,
0.687760898,0.469541169,1771.98885,255.9852129,-8.350996634,,,
3.275352233,0.087390209,1641.332279,219.6306786,-11.10313971,,,
0.566776966,0.654960445,986.2718817,189.4098549,-6.935336677,,,
3.308612206,0.090975556,1449.358377,201.9007212,-11.3480387,,,
-1.656455931,1.660193955,1447.180408,228.9897264,-6.925908241,,,
0.696562613,1.863071133,110.3740989,58.90243992,-5.585351739,,,
0.851316173,1.023508819,304.5802047,103.7613971,-6.225817646,,,
0.674850947,0.861834497,537.8516848,140.2307659,-6.963965601,,,
1.202277205,1.195152617,148.5268358,69.78050251,-5.738422522,,,
0.794140636,0.592634796,985.077813,188.6181992,-7.415554971,,,
0.884251189,0.40278707,1969.356019,270.4983002,-9.102488644,,,
0.460895107,0.888763008,602.9585544,146.9212618,-6.626345121,,,
0.118168304,1.868755144,212.9797375,85.57585193,-6.216284021,,,
2.559334737,0.075117999,7343.25114,562.6222287,-35.35987688,,,
1.464418997,0.699172184,345.2482551,110.8781956,-6.748444689,,,
0.481498667,0.728148459,907.5645432,181.5451211,-7.215675312,,,
0.583390556,1.232280646,270.3970703,95.95331296,-6.055961788,,,
-7.928813431,2044.805226,9.78E-09,305.7443737,-1.12E-09,,,
1.260639971,0.088578953,27309.99622,603.0628769,-51.71622543,,,
1.127346256,0.377743382,1687.413303,248.717304,-8.53513172,,,
0.768963043,1.335773548,192.852779,80.63439787,-5.911398189,,,
2.556126075,0.068403634,8883.257685,537.9517424,-43.20210067,,,
1.843845016,1.833613275,28.98627102,24.07718591,-4.495291501,,,
1.380403903,1.383144517,103.718901,57.80920655,-5.866820078,,,
1.510211779,0.799231782,250.4841981,94.09017485,-6.314517117,,,
0.890981814,0.417959049,1814.227947,257.7899063,-8.828974474,,,
-1.425308426,6.565882914,71.82856926,45.19715679,-5.253250389,,,
0.047316663,1.2759457,476.4865747,129.1602902,-6.809301242,,,
0.48288775,0.366148782,3606.50213,371.1440948,-9.941919124,,,
1.413079432,0.908535831,213.1967436,86.02557352,-6.091795883,,,
0.506456956,1.00430462,479.2509831,131.8816213,-6.921664238,,,
0.739282362,0.658502486,857.7319495,176.5354202,-7.506629729,,,
0.007699527,2.790350793,105.3592285,57.21788914,-5.62352383,,,
0.325787575,1.345980267,314.6213867,104.1361741,-6.313628661,,,
-7.928813431,2044.805226,9.78E-09,305.7443737,-1.12E-09,,,
-7.928813431,2044.805226,9.78E-09,305.7443737,-1.12E-09,,,
-7.928813431,2044.805226,9.78E-09,305.7443737,-1.12E-09,,,
-8,21.70814857,2382.788363,296.4525102,-7.149879055,,,
-7.928813431,2044.805226,9.78E-09,305.7443737,-1.12E-09,,,
-1.237951947,0.582384514,7548.924638,545.104804,-7.744561996,,,
-0.489605323,1.337469366,701.8845614,159.3970783,-6.642683394,,,
1.340234737,0.992947334,188.0994665,79.85591896,-5.946644925,,,
-0.901643054,1.369492341,1027.961936,193.3713882,-6.972335791,,,
-0.299792294,0.933347422,1197.97303,209.5865472,-7.142043204,,,
1.196316736,0.347608913,1857.682643,261.3460549,-9.018369481,,,
-7.928813431,2044.805226,9.78E-09,305.7443737,-1.12E-09,,,
-0.622978348,1.183734907,994.657661,189.8790616,-6.716927346,,,
-1.567023467,2.068928441,869.8287447,175.9599213,-6.735580173,,,
3.345342965,0.10482027,1030.089444,166.9652408,-9.24234198,,,
-0.552532625,1.256746943,859.3245291,176.1544796,-6.85418101,,,
-8,179.3821064,41.79803527,31.55702153,-4.923481585,,,
0.076380356,0.906626915,895.0456068,180.691087,-7.200532026,,,
-1.409409483,1.734158624,1015.586123,191.5275235,-6.745152014,,,
-0.989666803,1.553750293,850.6672259,175.0256737,-6.7377313,,,
1.77658108,0.749143616,306.4976858,110.7784281,-22.36492827,,,
1.169665354,0.195261998,5944.778184,464.5835351,-11.31850485,,,
-0.369274306,1.244623186,728.017928,161.997182,-6.792528846,,,
3.542954529,0.038086927,5094.872833,326.7367604,-54.38438321,,,
-0.983287738,1.325013636,1199.469713,207.3626207,-7.117665838,,,
-0.664510665,1.172964253,1064.72765,196.8948085,-6.766549886,,,
-0.608417061,1.103505479,1160.903571,204.5496659,-7.006257985,,,
-0.430039157,0.973389237,1256.929449,216.6575597,-7.114939712,,,
-0.416973535,1.205232743,773.0316186,167.7493883,-6.576593353,,,
-1.42275019,0.560949167,9812.58979,629.156882,-7.871206933,,,
-1.438810177,0.628897551,7934.631938,535.6084699,-7.762051903,,,
-0.235086835,1.141688319,732.6474838,162.3167081,-6.60320899,,,
0.366095236,0.867475863,720.3159739,161.3750947,-7.003911473,,,
3.325196548,0.103523039,1077.826269,172.029648,-10.48069751,,,
0.683739324,0.712794113,714.3008819,159.7864128,-6.566413851,,,
2.465400666,0.26426385,613.4751878,145.8115639,-6.819785448,,,
3.349212608,0.114388018,785.1247511,141.0671821,-8.157031011,,,
2.37380118,0.258699271,769.9694104,167.8624748,-7.489309588,,,
0.152507157,0.853185405,890.2496191,180.5502477,-6.790494279,,,
0.578641675,0.891642392,508.0064494,135.2652261,-6.37191692,,,
0.753460993,0.604983662,917.2542031,182.192167,-6.700408534,,,
0.575532247,0.767977594,715.5441047,158.870888,-6.749733773,,,
0.217215131,0.726390237,1158.337531,206.1376192,-7.046068177,,,
0.654266547,0.722363415,726.8592132,161.5657539,-6.627625632,,,
0.461601818,0.757737983,817.7155752,171.8748146,-6.740895376,,,
0.740160133,0.804953897,534.5626754,138.0101439,-6.45885976,,,
0.204461073,1.144136924,479.4184254,130.6529588,-6.506479947,,,
1.345218794,0.20424751,4437.09706,406.1047077,-9.975217288,,,
2.050615186,0.300815274,882.8675082,181.5373125,-7.589086876,,,
1.032484562,0.691033879,521.9497594,135.1427206,-6.403531633,,,
0.710259728,0.78704381,576.5252741,142.8589625,-6.490545405,,,
-0.982220116,1.690492398,723.2284337,162.3219125,-6.637096806,,,
0.168633664,0.89920487,784.7516051,169.1234397,-6.680292218,,,
0.511387269,0.737796625,844.0141398,175.7122948,-7.048491553,,,
-0.49452224,1.500794146,560.1528283,142.4673718,-6.490892926,,,
0.258068982,0.740953275,1067.598309,198.0126212,-6.98246802,,,
0.381813959,0.67829651,1142.69517,204.2387021,-7.242458404,,,
0.424793349,0.76679853,825.1687915,173.5742088,-6.715375904,,,
0.113747112,0.829898128,995.3375373,189.1813714,-6.957821439,,,
0.408447837,0.767534971,879.462352,180.187214,-7.169876793,,,
-0.785358903,1.232518649,1101.310246,199.7095271,-6.841912965,,,
1.175966849,0.141843976,11908.10613,715.9759989,-29.60735002,,,
1.334896743,0.143769967,9533.358443,544.4627338,-24.61395526,,,
-0.711362103,1.601449974,636.2973014,150.1653695,-6.813640741,,,
2.757663999,0.092207003,3597.987974,379.7160164,-25.66562303,,,
1.278713404,0.130029217,12731.32642,553.5369866,-34.39178741,,,
1.137430473,0.127493435,15244.89586,826.645797,-33.24045794,,,
1.403576463,0.121866966,12476.77394,578.13249,-32.52769323,,,
1.322057701,0.128019764,12412.90909,680.9160452,-31.26813956,,,
1.163545385,0.134856904,13177.86367,620.1516798,-29.43241795,,,
1.336055517,0.127880488,12151.17844,783.263499,-31.32320554,,,
1.316930061,0.132900207,11535.14547,585.6058696,-28.51829034,,,
1.312589692,0.793118236,322.3488687,107.2006115,-6.711603642,,,
1.357281354,0.126681721,12130.46767,602.2390915,-31.12435932,,,
1.47372506,0.11177286,13623.67355,670.5808645,-35.63545711,,,
1.444294069,0.101368073,17536.547,819.013064,-51.46853532,,,
0.941123411,0.557527131,945.2248674,184.4120147,-7.314296364,,,
-1.204054867,1.723664367,860.8916604,176.5841098,-6.701651684,,,
-7.928813431,2044.805226,9.78E-09,305.7443737,-1.12E-09,,,
1.187435843,0.411132619,1367.970651,224.9223459,-8.747038537,,,
4.791494999,0.05765891,271.1665948,34.33311095,-148.4941325,,,
3.355648049,0.222483549,251.5559826,84.88977728,-6.065442561,,,
5.525124791,0.003261055,40629.55923,194.5245177,-1468.359477,,,
4.648953511,0.053326103,1246.499446,98.09959531,-123.3509749,,,
5.626488393,0.003871737,16320.32882,124.8433858,-1599.510922,,,
5.635362591,0.007765155,4891.723985,69.772549,-1350.339726,,,
5.516855472,0.022756083,980.3093899,36.10976467,-530.1804342,,,
3.375783903,0.108460159,864.4215194,146.0018156,-8.965303488,,,
1.62851944,0.129103236,8644.649413,524.5067649,-28.12723498,,,
0.362633223,0.721891485,1040.547053,194.6957084,-7.351525856,,,
-1.083036941,0.985824318,2403.82139,297.7592042,-7.836085994,,,
0.821237385,0.52645973,1225.170126,211.3907475,-7.841373268,,,
1.12749947,1.184326785,169.7780242,75.89199347,-5.896843804,,,
0.773053037,0.598788618,997.8836469,190.1058998,-7.603976763,,,
1.242724394,0.13187913,12728.0327,608.061342,-29.67152225,,,
2.751236459,0.274789088,403.0954134,123.881867,-7.984839923,,,
-0.097443368,1.073857146,730.1461092,162.6484363,-6.67735051,,,
0.59811151,0.709471003,893.3553217,180.6427249,-8.0828615,,,
0.418911842,1.108272519,417.455654,122.07259,-6.5302759,,,
1.476621252,0.132935241,9543.013466,572.3428956,-26.49693382,,,
-0.075995529,0.710887168,1650.388667,246.2086607,-7.447506737,,,
0.00804997,1.295513916,478.8679762,130.8310533,-6.73449911,,,
-0.514676637,1.888957827,372.190578,114.3630625,-6.349300571,,,
0.92689498,0.565585009,961.9194817,189.6633731,-7.983317642,,,
1.292809433,0.523203672,754.4316898,165.8209869,-7.6939474,,,
1.426145721,0.150162689,7912.323523,522.1240378,-23.32015324,,,
1.213963555,0.451806947,1074.922743,198.6514452,-7.665093915,,,
0.682239896,0.855284055,546.3663262,140.1585419,-6.961984508,,,
0.125257184,1.008179982,676.4727244,156.257024,-6.778734096,,,
2.933668747,0.07681269,3820.574684,380.6820089,-28.80779326,,,
0.561550815,1.56057242,179.5511078,77.70169576,-5.910901851,,,
0.097166715,1.459052835,339.4386984,109.7738626,-6.396426365,,,
5.495344534,0.022227903,1010.880765,37.49118091,-492.5932734,,,
-7.928813431,2044.805226,9.78E-09,305.7443737,-1.12E-09,,,
-0.020693839,1.020714271,752.2387525,164.4689081,-6.745885492,,,
1.210735952,0.440086346,1101.745654,199.6843968,-7.204714078,,,
1.807741541,0.228865255,2120.083175,287.1460569,-10.92906183,,,
0.50972729,0.487202221,1969.70495,267.306508,-8.263558353,,,
-8,15.08788355,5377.467301,439.8312417,-10.47148048,,,
0.3094515,0.738695911,999.2473545,191.064447,-6.807915254,,,
-8,34.70116687,979.7393963,188.1041468,-6.880475831,,,
0.979087018,1.09752995,226.3986814,89.57834542,-6.01882973,,,
0.021809959,0.705676897,1505.078076,234.9396113,-7.26442742,,,
-8,303.6141255,12.18158454,11.69933725,-3.185246352,,,
3.181946305,0.052392188,5267.514989,393.1642285,-33.22324771,,,
-8,140.408444,56.95500458,38.94961116,-5.074284844,,,
2.434319458,0.076005127,8511.87786,576.1991102,-37.10646223,,,
3.121545765,0.041131474,9086.230325,507.5090064,-46.40325051,,,
3.114271676,0.038174493,14823.93541,647.6947541,-89.27857834,,,
2.240724748,0.153242892,2559.211489,308.2912307,-9.318978328,,,
1.169189395,0.112692651,18862.95819,1098.586579,-41.27701227,,,
-1.415997523,1.577052875,1233.183335,210.3584729,-6.858884225,,,
4.128477937,0.029945991,66149.23433,1364.149689,-4740.530923,,,
-1.010674762,1.521138756,944.3048679,185.0963989,-7.050139133,,,
3.653882441,0.025315632,12473.7084,506.0355528,-266.5164287,,,
-0.477550966,1.066485604,1094.33743,198.3561493,-6.945933163,,,
3.022091217,0.038763776,19616.74731,694.3974378,-122.0410427,,,
-0.625933106,1.094548182,1207.693738,209.1778101,-7.016313815,,,
-0.707368372,1.036982572,1452.352579,228.9418244,-7.297489247,,,
1.698329137,0.082979634,19199.26901,2275.109013,-65.1144464,,,
-0.9925604,1.277931786,1242.924577,212.7756729,-6.909869775,,,
-0.308974066,0.967035887,1111.694846,200.3336432,-6.894968241,,,
-0.219160531,0.91598149,1141.434074,202.5076069,-7.004181839,,,
3.132898542,0.049185009,16564.45198,731.3490358,-119.9583641,,,
-1.189587484,1.5595893,1048.172411,195.4364133,-6.973409586,,,
-0.348521716,0.899027853,1355.790602,220.8568087,-7.208100801,,,
1.092250163,0.108872155,21969.4218,1261.279229,-45.2801252,,,
2.908339211,0.032860272,21691.91178,530.4798237,-128.5386201,,,
-0.607902241,1.009231559,1383.698092,223.0699429,-7.069210087,,,
-0.256240712,0.852213382,1383.760107,225.5471229,-7.236515977,,,
-1.006476061,1.223921837,1459.070345,230.0735231,-7.571259329,,,
0.398049882,0.617220527,1356.938175,222.5675688,-7.443642777,,,
3.844217985,0.014980223,24740.51769,600.1311706,-754.4056968,,,
3.829907363,0.020264856,11403.34702,427.1440835,-233.1322838,,,
3.876157112,0.018043485,11047.82547,385.4575365,-337.3181731,,,
3.436834915,0.024926628,16145.89283,532.4095605,-168.5318362,,,
3.85721648,0.013199679,19440.58816,544.7213467,-613.5783779,,,
3.138425009,0.035443258,12133.56633,710.0276584,-82.62847158,,,
3.101285529,0.028072378,20833.78117,696.3349945,-136.9565121,,,
3.150897527,0.039973624,10109.0029,496.3273143,-62.2642313,,,
3.084062754,0.032946296,15558.50468,719.4404481,-103.0049611,,,
3.806373916,0.015882663,26361.54962,857.3575713,-751.4800332,,,
3.195323595,0.044316111,6649.847592,425.3280211,-27.99875717,,,
3.953525636,0.012064544,34287.61487,1203.559546,-1283.319563,,,
2.821254794,0.041401145,15756.81264,946.2356694,-84.69833513,,,
2.858167231,0.043839,13185.07182,558.8725636,-76.46799535,,,
3.141588172,0.045798315,10282.62463,575.3373735,-72.61175621,,,
3.080564963,0.028983192,20443.40823,617.4095949,-140.8097722,,,
3.103887968,0.12020777,1141.003884,192.8904715,-10.14298746,,,
0.447726574,0.750713461,882.4915886,180.2660639,-7.235964667,,,
0.278063084,0.654493033,1364.96504,223.2023551,-7.445013911,,,
-0.833333225,1.398349634,895.4332529,179.3828586,-6.699206759,,,
-1.613331817,1.895939664,1046.044986,194.5347496,-6.837848694,,,
1.216510999,0.132441343,13015.68975,823.8593266,-30.19552278,,,
-0.753636404,1.165131262,1210.728053,209.8198878,-6.980282018,,,
3.332293717,0.098312839,1192.381786,179.8800887,-10.46017884,,,
-1.609033735,1.592924018,1472.579693,231.1834063,-6.947361716,,,
3.571875424,0.06506114,1809.980508,197.5147309,-17.32276214,,,
2.9027392,0.665305785,53.90647403,37.46712752,-5.479201914,,,
0.291528644,0.702413943,1157.561003,203.7346356,-7.150970519,,,
0.773218109,0.446276981,1776.860474,255.7569586,-8.305869769,,,
1.606524451,0.257960862,2128.561647,284.8352663,-9.738018892,,,
1.387656685,0.391495137,1144.016509,204.8287118,-7.250454383,,,
0.439727536,0.676243244,1081.861857,197.4590611,-7.250233385,,,
2.159341478,0.451808716,358.392173,114.6652883,-6.963625365,,,
1.030808468,0.241136475,4536.233315,421.4428063,-10.34858217,,,
0.604203006,0.534418916,1435.817313,228.8104781,-7.356488988,,,
3.389710139,0.093822357,1297.366115,186.1490971,-12.2944109,,,
4.005402001,0.02889981,5602.607682,282.72416,-78.98058779,,,
3.286233729,0.122450994,843.9653183,154.9233612,-8.851281302,,,
3.397660641,0.096472077,1124.323489,173.6071961,-10.24014516,,,
-4.309508774,4.651602902,2588.967831,303.4019147,-7.187332664,,,
-8,5.41619768,38278.11034,735.9665513,-8.651457703,,,
-3.785575929,1.579860223,13284.16081,694.813499,-8.012286424,,,
-1.699597808,0.603009705,11232.83302,677.9014678,-7.933612576,,,
-8,11.88652877,7947.33199,536.1550852,-7.758839026,,,
-7.928813431,2044.805226,9.78E-09,305.7443737,-1.12E-09,,,
-8,21.36497813,2459.949109,298.3737379,-7.164786683,,,
-8,24.56879813,1860.2199,261.0936572,-7.02735696,,,
-8,18.87803643,3151.094516,338.0455389,-7.455935674,,,
-7.928813431,2044.805226,9.78E-09,305.7443737,-1.12E-09,,,
-7.928813431,2044.805226,9.78E-09,305.7443737,-1.12E-09,,,
-8,7.661986283,19127.073,621.668226,-8.209015741,,,
-8,13.62533673,6048.351215,460.6675331,-7.622185133,,,
-7.658561973,18.56877948,2314.609737,290.9876991,-7.135760201,,,
-0.016593481,0.351375295,6306.73807,455.8332479,-8.982539235,,,
-0.045537731,0.412059,4844.756075,413.4100179,-9.769675,,,
-8,16.46085131,4144.278961,384.0762991,-7.491289599,,,
-2.030629285,2.190530747,1188.312506,207.4418913,-6.79468951,,,
-2.461683458,1.035097554,8212.974829,586.2852773,-7.805949794,,,
-8,17.09085358,3844.283169,374.2870758,-7.405892455,,,
-3.557167479,2.941066638,3049.33371,332.6095746,-7.269420551,,,
-2.035974906,0.762520956,9982.011866,600.193877,-7.950409557,,,
-8,18.30089935,3352.635529,350.7740524,-7.321134706,,,
-8,18.56694941,3257.408329,343.8572519,-7.352239996,,,
-7.928813431,2044.805226,9.78E-09,305.7443737,-1.12E-09,,,
-8,19.17506664,3053.920228,334.0872224,-7.27358865,,,
-7.928813431,2044.805226,9.78E-09,305.7443737,-1.12E-09,,,
-8,13.17458168,6469.304715,474.1272725,-7.653829741,,,
-1.777797747,0.633118851,11036.41303,567.6242856,-7.982070548,,,
-8,43.87277848,583.3652555,144.1767061,-6.428651721,,,
-8,27.27019828,1510.016656,234.4623483,-6.946520939,,,
-4.836645172,5.694890313,2927.549366,324.9642668,-7.341212717,,,
-3.266393927,1.435151117,9571.097788,620.8515781,-7.846046077,,,
-8,10.52707814,10132.47761,574.8380363,-7.885997571,,,
-4.533172216,5.696196942,2159.275971,279.8208983,-7.096806842,,,
-8,20.75795665,2606.118424,304.5870613,-7.267679634,,,
-3.118893787,2.485567433,2756.355523,313.3662466,-7.354250585,,,
0.055775275,0.315445724,7533.087775,571.4959111,-12.03692522,,,
-8,11.00797263,9266.521229,528.9431606,-7.838145201,,,
-3.450405186,1.39163625,12238.90671,769.8939917,-7.96848177,,,
-3.129231039,2.192196922,3575.320793,360.5215483,-7.350243034,,,
-0.160723855,0.434312476,4599.801715,413.9367893,-7.516752961,,,
-7.928813431,2044.805226,9.78E-09,305.7443737,-1.12E-09,,,
-7.962114887,15.81025222,4325.142765,403.9404521,-7.450850676,,,
-0.126112133,0.39428158,5654.893767,439.7087835,-9.123698938,,,
-2.404467659,1.924605841,2241.801407,288.945873,-7.123360197,,,
-2.935700238,2.079404119,3272.829236,344.9329806,-7.307292369,,,
-7.928813431,2044.805226,9.78E-09,305.7443737,-1.12E-09,,,
-8,21.15951555,2507.956103,301.9474934,-7.173437766,,,
-0.609829532,0.478964046,6208.755988,466.838332,-8.641985466,,,
-8,19.82041506,2858.284546,323.2168879,-7.240800467,,,
-8,17.59461358,3627.201763,366.7017125,-7.360562327,,,
-4.568759714,11.43899002,556.9353229,140.3684557,-6.463150488,,,
-8,23.61352883,2013.939572,269.8240298,-7.138188352,,,
-7.928813431,2044.805226,9.78E-09,305.7443737,-1.12E-09,,,
-1.51653451,0.538583034,11703.7962,580.7438772,-7.959628506,,,
-2.304059085,0.837053688,10714.12249,662.8412569,-7.90739014,,,
-8,15.27358714,4813.37071,411.2110026,-7.503835831,,,
-2.339468434,0.870674391,10261.41716,609.7267696,-7.88162399,,,
-8,12.6938213,6968.61703,492.7375783,-7.692036704,,,
-0.511066203,0.398107117,8003.978248,588.706943,-8.34195531,,,
-7.928813431,2044.805226,9.78E-09,305.7443737,-1.12E-09,,,
-2.45953405,1.521633653,3790.433297,371.2347568,-7.381308453,,,
-8,18.32551494,3343.802443,350.1261086,-7.365625281,,,
-8,17.76908729,3556.323964,359.5835631,-7.35130677,,,
-8,21.7801132,2367.072454,294.7055106,-7.14500719,,,
-8,16.51204362,4118.412412,384.0763493,-7.42612173,,,
-4.640286748,3.601766703,6010.648131,459.1696189,-7.612218187,,,
-8,10.08416156,11042.1031,570.3539668,-7.930278629,,,
-1.641104279,0.490023994,16034.66708,704.1414698,-8.118032296,,,
-8,24.70683882,1839.632905,258.1519691,-7.076561641,,,
-8,9.39081611,12732.82064,728.3809346,-7.999035312,,,
-3.451874727,3.043746678,2564.519497,308.1476035,-7.277260964,,,
-8,32.02338652,1094.955675,199.006475,-6.752369871,,,
-8,21.57542947,2412.194214,295.5822989,-7.153426329,,,
-7.928813431,2044.805226,9.78E-09,305.7443737,-1.12E-09,,,
-2.127845385,0.905625523,7666.911055,523.631783,-7.738888693,,,
-7.928813431,2044.805226,9.78E-09,305.7443737,-1.12E-09,,,
-7.928813431,2044.805226,9.78E-09,305.7443737,-1.12E-09,,,
-8,18.82769924,3167.651445,339.3596731,-7.294197748,,,
-8,22.9224634,2137.022558,277.9974037,-7.093509591,,,
-3.541982549,2.941343927,3002.942991,329.8414714,-7.262339888,,,
-8,22.66798447,2185.270415,281.5731909,-7.104436193,,,
-8,16.19615675,4280.778877,395.1490449,-7.474855004,,,
-2.38804773,0.848650804,11341.10566,606.9131278,-7.93265183,,,
-4.400929424,4.306200496,3310.141154,350.5739514,-7.317677844,,,
-4.774039954,5.695859178,2747.86214,317.014215,-7.216832289,,,
-7.928813431,2044.805226,9.78E-09,305.7443737,-1.12E-09,,,
-7.928813431,2044.805226,9.78E-09,305.7443737,-1.12E-09,,,
-3.740524922,3.1597137,3174.60389,339.8904352,-7.290715799,,,
-8,18.01125979,3461.331999,353.1281475,-7.336242196,,,
-2.982322488,4.167707412,873.7850012,176.6781743,-6.635713882,,,
-7.988375265,20.06075985,2757.959279,313.9392344,-7.221280603,,,
-8,16.60887272,4070.531477,385.3218607,-7.41967008,,,
-3.476484075,2.847354297,3002.942802,331.9212576,-7.322824506,,,
-2.201537421,0.89720349,8416.103817,498.1930986,-7.797089104,,,
-7.928813431,2044.805226,9.78E-09,305.7443737,-1.12E-09,,,
-3.104395262,2.0457207,4007.745333,379.6885446,-7.468462842,,,
-7.928813431,2044.805226,9.78E-09,305.7443737,-1.12E-09,,,
-7.381423416,16.54707963,2209.332454,283.6526399,-7.127999787,,,
-8,18.76753478,3187.987043,337.9576765,-7.296817043,,,
-8,15.10392474,4922.278028,427.3291758,-7.546530644,,,
0.130808689,0.469344358,3132.355662,342.5106177,-8.890262688,,,
-0.271087134,0.369072999,7406.991528,516.3858257,-9.084207698,,,
-7.928813431,2044.805226,9.78E-09,305.7443737,-1.12E-09,,,
-5.165144352,8.062883853,2029.167832,270.9869436,-7.063691808,,,
-7.928813431,2044.805226,9.78E-09,305.7443737,-1.12E-09,,,
-1.734016332,0.680869941,9193.7498,575.9315246,-7.842380759,,,
-8,24.51511344,1868.373141,259.6562991,-7.023900265,,,
-8,15.35933359,4759.77846,414.4903129,-7.498493358,,,
-2.318243495,0.998568473,7636.635916,524.8614003,-7.73305454,,,
-3.397754888,3.434513905,1906.177298,263.0771373,-7.033429984,,,
-8,7.826022774,18333.65504,691.4164322,-8.187572774,,,
-8,19.68696146,2897.168853,325.5450121,-7.248470071,,,
-2.64720078,2.04528748,2532.848475,303.631799,-7.175700303,,,
-8,18.08382306,3433.607199,348.1779715,-7.333062125,,,
-0.099695439,0.407131309,5114.609597,425.642903,-8.585023777,,,
-8,17.59125838,3628.957734,365.4180932,-7.556527724,,,
-8,25.75352036,1693.004371,247.5589988,-6.974032675,,,
0.15276083,0.254521974,10366.14998,612.9634791,-12.66146838,,,
-4.850281744,5.696686402,2965.065735,329.3425424,-7.257451453,,,
-1.877883273,0.751998537,8649.47242,559.4838821,-7.812979795,,,
-7.482207078,13.58183391,3627.199337,368.4934315,-7.438298937,,,
-2.499868848,1.508230842,4017.51343,384.9273061,-7.411792024,,,
-8,21.74535428,2374.644,295.4063578,-7.145809346,,,
-8,22.38923599,2240.102581,285.2575958,-7.131723286,,,
-7.928813431,2044.805226,9.78E-09,305.7443737,-1.12E-09,,,
-3.853412562,3.602494333,2737.333075,316.0396469,-7.384390584,,,
-7.928813431,2044.805226,9.78E-09,305.7443737,-1.12E-09,,,
-8,10.93405395,9392.23579,556.1408417,-7.843499104,,,
-0.081322079,0.374877376,5943.015052,487.9965198,-9.032249597,,,
-7.928813431,2044.805226,9.78E-09,305.7443737,-1.12E-09,,,
-8,25.02742652,1792.664597,253.3813669,-7.001957339,,,
-7.928813431,2044.805226,9.78E-09,305.7443737,-1.12E-09,,,
-2.133899423,1.846651681,1855.200076,260.3260177,-7.024341007,,,
-8,18.16325485,3439.775361,353.9570605,-7.366719653,,,
-2.51305649,1.401645615,4713.767245,427.9447534,-7.490039439,,,
-8,17.75025951,3563.868538,357.5007107,-7.35108805,,,
-5.459341897,3.04280366,19103.05324,616.2730937,-8.19085025,,,
-8,20.18562762,2755.792964,319.2975382,-7.224211077,,,
-4.053229636,3.434753002,3673.719875,363.3508174,-7.364074813,,,
-8,19.75803691,2876.365345,324.8218171,-7.24591973,,,
-7.914913707,21.2803678,2277.380284,288.7580793,-7.143796174,,,
-8,39.14284396,732.8714219,162.1261088,-6.547624871,,,
-7.928813431,2044.805226,9.78E-09,305.7443737,-1.12E-09,,,
-7.916783034,19.3901901,2748.058492,316.5121803,-7.220641649,,,
-2.168912626,1.022283798,6270.569872,484.6373478,-7.634895332,,,
-7.928813431,2044.805226,9.78E-09,305.7443737,-1.12E-09,,,
-8,18.223006,3381.356945,353.8694241,-7.325082222,,,
-7.928813431,2044.805226,9.78E-09,305.7443737,-1.12E-09,,,
-7.825754236,35.87689794,732.8686635,162.4267048,-6.549041243,,,
-7.844590265,17.6794906,3075.368248,331.8416925,-7.280394212,,,
-7.928813431,2044.805226,9.78E-09,305.7443737,-1.12E-09,,,
-8,16.21286821,4271.808257,386.9585629,-7.443016513,,,
-7.857867405,17.46332547,3194.106635,337.9463607,-7.300198283,,,
-1.946226956,0.89676901,6634.707959,490.2033732,-7.802976129,,,
-8,10.20737675,10777.1294,624.7022771,-7.913831601,,,
-5.597678923,8.057328412,3130.837616,338.371536,-7.298884545,,,
-7.928813431,2044.805226,9.78E-09,305.7443737,-1.12E-09,,,
-7.928813431,2044.805226,9.78E-09,305.7443737,-1.12E-09,,,
-8,20.18662073,2755.720137,318.1286318,-7.299399475,,,
-8,42.36717818,625.5620719,149.4690985,-6.465134243,,,
-7.928813431,2044.805226,9.78E-09,305.7443737,-1.12E-09,,,
-7.835550979,17.34150816,3167.650838,334.9164778,-7.293061139,,,
-8,12.76643969,6889.700418,490.2406433,-7.702198565,,,
-8,19.61286684,2919.097897,326.0462226,-7.253287381,,,
-7.928813431,2044.805226,9.78E-09,305.7443737,-1.12E-09,,,
-8,16.16767194,4295.725367,391.5341947,-7.446664702,,,
-4.244234848,4.651023205,2425.67736,300.9631433,-7.158168424,,,
-8,20.56161261,2655.931156,311.9034348,-7.202994841,,,
-2.302316014,1.871655147,2146.824241,280.9610508,-7.382042205,,,
-7.66563423,17.20334381,2715.855568,311.4543546,-7.231437671,,,
-8,15.58910676,4620.502066,406.6638906,-7.484225166,,,
-8,21.07290971,2528.75947,301.4482008,-7.223681126,,,
-8,45.22808405,548.9254767,139.6565747,-6.39760835,,,
-8,19.12095442,3071.438254,334.5328921,-7.351385268,,,
-1.254089199,0.802205579,4099.26869,382.9654532,-7.445283945,,,
-8,19.68740622,2897.163625,327.234864,-7.27948763,,,
-8,26.96611532,1544.332607,236.7708355,-7.020525675,,,
-7.928813431,2044.805226,9.78E-09,305.7443737,-1.12E-09,,,
-1.450412189,0.631821272,7954.242115,536.7487638,-7.762879621,,,
-7.400898983,14.80474462,2814.266596,320.6107743,-7.265161487,,,
-8,21.45670373,2438.965692,299.6120287,-7.161121252,,,
-4.038966146,3.435008281,3623.215399,358.9046183,-7.416617408,,,
-7.790655429,20.74338679,2116.671174,279.001214,-7.09019932,,,
-8,20.18594722,2755.707337,317.0274162,-7.223614468,,,
-2.490859686,1.756997973,2939.001925,326.2103789,-7.373481229,,,
-7.928813431,2044.805226,9.78E-09,305.7443737,-1.12E-09,,,
-2.994695144,2.42823978,2546.248622,304.4232456,-7.180850988,,,
-8,18.5089082,3277.704431,344.599171,-7.309919792,,,
-8,12.36031386,7349.747251,506.1155759,-7.71989112,,,
-4.224657038,3.044850215,5550.012755,453.1805585,-7.570910532,,,
0.130998393,0.365279182,5149.703244,452.8569882,-9.934239505,,,
-7.308229096,14.81206326,2562.496026,304.6114568,-7.187951381,,,
-8,32.45806427,1065.824671,195.3839035,-6.738832417,,,
-5.612740361,8.057456904,3177.872655,339.8899991,-7.291675573,,,
-2.912846916,2.233659468,2772.176788,319.9394733,-7.222532718,,,
-2.145186969,1.100502152,5283.369481,435.4894484,-7.551411039,,,
-8,18.9041397,3142.082459,336.1407344,-7.288449032,,,
-0.928352524,0.687429791,3954.550325,381.8376747,-7.415403972,,,
-8,20.56274672,2655.916765,309.7172397,-7.353975584,,,
-8,17.24147696,3777.581783,366.4763043,-7.486813765,,,
-2.444591118,2.078818081,2000.522171,270.8450589,-7.059031719,,,
-8,18.30165645,3352.63433,355.2374761,-7.441770367,,,
-8,24.83859392,1820.022108,257.8688634,-7.010800916,,,
-8,16.66614428,4042.841923,381.1951017,-7.490886179,,,
-8,21.22601133,2492.266983,303.4531285,-7.17133024,,,
-7.928813431,2044.805226,9.78E-09,305.7443737,-1.12E-09,,,
-2.769437095,1.924990645,3238.569272,339.1012018,-7.49657684,,,
-8,19.21094839,3042.51801,331.4684698,-7.273224013,,,
-2.636671552,1.6436608,3882.647548,376.6745755,-7.409352813,,,
-8,24.27651344,1905.278741,262.421288,-7.036613498,,,
-7.928813431,2044.805226,9.78E-09,305.7443737,-1.12E-09,,,
-3.287974722,2.613259225,2951.460451,326.5459917,-7.284423552,,,
-4.372067301,4.651198867,2757.754531,320.1400896,-7.264985779,,,
-4.128007783,3.797664981,3241.343735,342.110357,-7.421132639,,,
-8,19.70276873,2892.612294,325.7511535,-7.260571136,,,
-3.467384563,2.848762511,2971.447646,327.490531,-7.259528251,,,
-8,23.70792218,1997.765377,268.4034254,-7.057912725,,,
-7.922897057,21.60245005,2227.612179,284.9906028,-7.114743379,,,
-8,18.7345327,3199.231964,339.3929672,-7.299039986,,,
-8,17.22526832,3784.42046,375.3347127,-7.382764703,,,
-8,17.3738263,3720.123244,370.8625019,-7.403705493,,,
-8,20.115828,2774.95216,317.5727519,-7.225535534,,,
-8,21.50217015,2428.963065,298.4039638,-7.355204395,,,
-7.928813431,2044.805226,9.78E-09,305.7443737,-1.12E-09,,,
-8,16.17396281,4292.38667,393.6321614,-7.4471263,,,
-4.296884501,4.306253577,2983.585738,331.6512322,-7.275461395,,,
-7.928813431,2044.805226,9.78E-09,305.7443737,-1.12E-09,,,
-7.693767386,14.15377592,4126.827071,381.8094728,-7.49024089,,,
-8,20.78134482,2600.061447,304.5629687,-7.192221406,,,
-8,19.29377738,3016.544709,333.1161673,-7.282975008,,,
-8,24.33302011,1896.541744,262.0288588,-7.063244252,,,
-3.985644406,2.848461646,4992.901814,423.3864801,-7.518335487,,,
0.356801134,0.293651004,6339.067786,507.1193898,-11.61595607,,,
-3.509139287,2.115694655,5619.9366,451.3390663,-7.640255388,,,
-3.230658004,2.848568419,2345.57773,290.9067759,-7.15167803,,,
-8,21.42597919,2445.963864,297.9142896,-7.160779423,,,
-3.228083696,2.546291729,2925.346389,326.39765,-7.251194739,,,
-8,21.55941867,2415.778802,296.0607171,-7.155479259,,,
-2.520327798,0.929742319,10791.63943,563.9202083,-7.908993465,,,
-8,19.70247153,2892.61079,319.324811,-7.245276458,,,
-7.928813431,2044.805226,9.78E-09,305.7443737,-1.12E-09,,,
-8,18.82806974,3167.654382,342.3193175,-7.323774412,,,
-8,19.61288778,2919.097897,324.1323639,-7.254409233,,,
-3.008131911,2.940806148,1762.314135,253.5657394,-7.088693994,,,
-8,16.59065443,4079.800161,389.9597483,-7.556637716,,,
-3.198543017,1.564633679,7523.16504,475.9501511,-7.724410698,,,
-3.167362467,8.054279598,275.8815239,97.50706008,-6.079644568,,,
-4.180300395,3.797693866,3412.845585,355.9870222,-7.326389495,,,
-8,34.67145621,934.0850893,182.9496808,-6.67195472,,,
-8,15.0966951,4927.239456,432.9373197,-7.697584087,,,
-8,21.3438288,2464.830368,301.0284976,-7.166254834,,,
-0.244143324,0.406523622,6024.454834,482.1389374,-9.490227488,,,
-8,14.30097616,5490.347977,444.6005794,-7.570570983,,,
-7.936796357,16.98535428,3653.699374,364.8363559,-7.365780922,,,
-8,21.16323722,2507.074991,303.1596783,-7.176781029,,,
-8,21.27456592,2480.902499,299.7649675,-7.168733342,,,
-4.158970028,4.30702121,2597.699706,309.5362588,-7.189664918,,,
-3.278497542,1.495665902,8919.498985,564.2274682,-7.809550555,,,
-8,46.42100212,521.1550882,135.9718024,-6.431370915,,,
-3.193718138,2.375132426,3250.400655,347.0164837,-7.323515959,,,
-8,18.63599544,3233.153596,338.5626734,-7.302065039,,,
-7.815142504,18.23068669,2808.288337,319.9374286,-7.231313491,,,
-8,20.06876409,2787.980555,317.7628709,-7.230493943,,,
-4.226615838,4.305299509,2782.19783,318.7673616,-7.253079579,,,
-4.191598559,3.312800322,4558.044543,408.390391,-7.476694734,,,
-7.928813431,2044.805226,9.78E-09,305.7443737,-1.12E-09,,,
-7.953850044,22.33990103,2148.453356,280.1127804,-7.096797397,,,
-8,18.06761119,3439.773708,353.9570604,-7.335704059,,,
-3.698235393,4.027628876,1872.765258,260.6742697,-7.027509752,,,
-4.849307891,5.095185124,3702.806484,367.7661307,-7.36723343,,,
-3.42889857,2.192184423,4828.570068,422.4831698,-7.516056542,,,
-8,19.53658019,2942.186907,330.6641851,-7.36131846,,,
-2.693849543,1.872211243,3167.70133,342.292055,-7.29006915,,,
-4.172531993,4.30612381,2633.926347,308.6301006,-7.196622803,,,
-7.928813431,2044.805226,9.78E-09,305.7443737,-1.12E-09,,,
-7.891080706,19.89141085,2545.049375,304.1703746,-7.181092514,,,
-8,18.30090786,3352.635567,350.82313,-7.321466171,,,
-3.502916883,6.57790415,577.4627203,143.1554882,-6.468033521,,,
-2.422579051,1.206935599,5805.131371,465.0000272,-7.596475542,,,
-8,21.04434554,2535.480281,302.7408095,-7.181492964,,,
-8,16.9089049,3927.538099,373.2924649,-7.446501922,,,
-7.928813431,2044.805226,9.78E-09,305.7443737,-1.12E-09,,,
-8,18.33781725,3339.148144,350.1257278,-7.318515727,,,
-7.928813431,2044.805226,9.78E-09,305.7443737,-1.12E-09,,,
-3.655184345,3.729249625,2068.673545,275.6999354,-7.107988277,,,
-7.928813431,2044.805226,9.78E-09,305.7443737,-1.12E-09,,,
-8,17.67550416,3594.365782,358.2562395,-7.477004538,,,
-8,21.69799084,2385.017802,293.656289,-7.147794296,,,
-8,21.97097079,2326.342261,291.2805907,-7.242146684,,,
-8,23.97173238,1954.035128,266.918344,-7.047913589,,,
-2.916226686,2.381244432,2306.513345,292.2665982,-7.132138723,,,
-4.672227897,4.6518028,3721.418719,370.626253,-7.372821513,,,
-7.928813431,2044.805226,9.78E-09,305.7443737,-1.12E-09,,,
-8,17.92018079,3496.605843,352.5658424,-7.342968673,,,
-4.431371148,4.362500359,3355.158219,352.6512203,-7.352072192,,,
-8,20.25692021,2736.431258,317.5631243,-7.219533425,,,
-3.285723747,2.684659415,2788.427996,319.2376919,-7.225125146,,,
-8,42.04725914,635.1186797,150.4418107,-6.471932114,,,
-5.111715272,6.665765224,2838.510552,320.8497345,-7.250557894,,,
-8,21.14455662,2511.503328,302.9777112,-7.175100903,,,
-7.928813431,2044.805226,9.78E-09,305.7443737,-1.12E-09,,,
-8,25.00843387,1795.511615,254.9252783,-7.051047133,,,
-8,21.52430619,2423.669193,298.0123693,-7.157183895,,,
-6.313979837,11.41324746,3197.625671,340.5282111,-7.338771893,,,
-4.072632333,2.762658999,5789.602893,449.2122482,-7.592197453,,,
-8,18.57189902,3255.508613,340.9029185,-7.306770321,,,
-7.963666485,18.67035696,3106.417003,334.3006313,-7.299581287,,,
-3.014800752,2.277693834,2956.794593,328.0109423,-7.375581265,,,
-1.597554924,0.592193101,10512.11211,651.5411917,-7.915570657,,,
-3.448627042,6.572028665,548.5528891,139.6857933,-6.457492523,,,
-5.388013736,6.574800471,3810.412921,376.7199469,-7.383194134,,,
-3.182205011,2.233981366,3630.518102,364.9982166,-7.358325057,,,
-8,20.62194382,2640.412656,308.5251169,-7.20206429,,,
-8,44.11025283,577.1016437,143.133636,-6.423935314,,,
-3.263265913,2.941083475,2272.92694,289.7521753,-7.142063384,,,
-7.928813431,2044.805226,9.78E-09,305.7443737,-1.12E-09,,,
-8,36.11306053,861.0868098,176.1843541,-6.676024603,,,
-4.356512883,4.651368261,2716.189942,315.2545421,-7.377870173,,,
-1.234833779,2.660341171,387.2229694,117.3002523,-6.355977333,,,
-8,17.37383358,3720.119024,369.2923106,-7.403542034,,,
-8,21.16865886,2505.90437,301.4168574,-7.203108488,,,
-8,22.82804246,2154.872017,281.7099912,-7.143063616,,,
-1.681228725,3.155422125,403.7195982,119.7287918,-6.252683123,,,
-8,12.62294454,7047.622907,495.0660135,-7.910058851,,,
-7.963370947,41.01287364,643.6110007,151.8243853,-6.512499452,,,
-8,16.79606308,3980.408538,385.2736992,-7.42480219,,,
-8,22.36122185,2245.63868,287.3789273,-7.118806633,,,
0.078908714,0.364692347,5405.496093,441.9673636,-9.744064324,,,
-3.614330636,3.15959454,2797.973245,320.4188026,-7.227218406,,,
-7.928813431,2044.805226,9.78E-09,305.7443737,-1.12E-09,,,
-8,47.39983508,517.9730739,135.5839053,-6.443861934,,,
-3.194352095,2.547130366,2829.140568,319.2198327,-7.277369638,,,
-3.55409398,2.762889258,3446.963392,353.928105,-7.377134039,,,
-7.928813431,2044.805226,9.78E-09,305.7443737,-1.12E-09,,,
-8,20.54419022,2660.438946,312.8721546,-7.205668563,,,
-3.787513095,3.044736726,3585.687427,359.9763875,-7.411890423,,,
-3.45951898,3.602229696,1845.65079,258.4503715,-7.107625341,,,
-7.982093933,26.5027641,1570.260701,239.4643847,-6.939460114,,,
-8,18.00910326,3462.157655,350.7988616,-7.336518368,,,
-8,21.20705826,2497.068899,302.4731003,-7.413964289,,,
-8,21.67010219,2391.166709,295.1283305,-7.152423213,,,
-8,17.74001571,3567.989356,358.5447954,-7.351904407,,,
-8,22.23066618,2272.273813,286.0658421,-7.199426549,,,
-3.682551916,3.603394528,2305.904875,288.93991,-7.219520666,,,
-4.604715747,4.657899504,3474.874319,359.3947909,-7.53600268,,,
-0.056277545,0.403151999,4887.124941,431.4241145,-7.831795201,,,
-8,16.2561797,4249.074767,397.6803173,-7.440769472,,,
-7.91956935,19.02015103,2863.996364,320.4972913,-7.244156788,,,
-3.810342574,11.17476329,282.5075379,98.66009938,-6.076938018,,,
-1.933210819,4.645244557,239.5211544,90.32061245,-5.957047933,,,
-2.391775761,2.012774206,2023.72844,271.9614843,-7.063413719,,,
0.234982187,0.221460571,12834.76022,686.6188008,-17.39000513,,,
-8,39.31813054,726.4771067,161.871762,-6.650555415,,,
-6.487780949,11.39556548,3812.418411,368.3468004,-7.428096146,,,
-8,18.3134334,3348.048157,346.7710644,-7.320019032,,,
-7.899164663,19.08257384,2787.980772,317.4353788,-7.274195492,,,
-8,18.82809752,3167.647085,339.1266534,-7.322753077,,,
-8,18.92418809,3135.429037,339.9719293,-7.287326419,,,
-3.514078514,2.485894342,4088.268305,383.393172,-7.420040354,,,
-4.495489158,5.696661506,2079.157068,275.6370706,-7.077819925,,,
-4.140414806,3.602718917,3645.385889,364.8054653,-7.405492678,,,
-8,19.86512919,2845.61648,319.9280642,-7.298259621,,,
-7.928813431,2044.805226,9.78E-09,305.7443737,-1.12E-09,,,
-2.781094759,1.168522386,8892.029917,520.4002479,-8.308283016,,,
-7.928813431,2044.805226,9.78E-09,305.7443737,-1.12E-09,,,
-3.305037188,3.529025385,1675.722839,246.7284513,-6.967953192,,,
-4.05527085,4.025704865,2682.243082,311.048194,-7.449014435,,,
-3.67382413,2.848326559,3654.482822,364.336145,-7.364308881,,,
-8,34.54084091,941.2546309,184.0598207,-6.721379411,,,
-8,20.01357988,2803.377808,320.0215197,-7.23113521,,,
-2.391653265,1.871846021,2339.641509,294.1645934,-7.138274113,,,
-8,15.3321165,4776.852641,421.8895715,-7.532700213,,,
-7.928813431,2044.805226,9.78E-09,305.7443737,-1.12E-09,,,
-7.928813431,2044.805226,9.78E-09,305.7443737,-1.12E-09,,,
-7.890389885,12.7101033,6229.159316,480.3666703,-7.635135498,,,
-7.928813431,2044.805226,9.78E-09,305.7443737,-1.12E-09,,,
-8,16.49511334,4126.972476,387.2224632,-7.440993265,,,
-7.928813431,2044.805226,9.78E-09,305.7443737,-1.12E-09,,,
-2.963770924,2.427698626,2472.306532,300.67708,-7.238720488,,,
-2.673363962,1.16228457,8051.926644,518.2496511,-7.759105561,,,
-7.89393389,38.28585448,688.9557184,156.9823609,-6.51696115,,,
-8,17.96055999,3480.90085,355.8372582,-7.340784044,,,
-2.906039831,11.39001087,105.8965629,57.19272245,-5.503173497,,,
-7.928813431,2044.805226,9.78E-09,305.7443737,-1.12E-09,,,
-4.118367273,3.797839816,3210.478304,343.0242397,-7.462500853,,,
-2.417535203,3.545838578,690.1687768,157.2190314,-6.587916228,,,
-7.928813431,2044.805226,9.78E-09,305.7443737,-1.12E-09,,,
-7.853747264,17.20475008,3277.307587,343.5337335,-7.315019115,,,
-4.705427833,5.095188243,3206.422139,346.9567475,-7.296271168,,,
0.102409415,0.71920891,1386.030068,224.54832,-7.741231569,,,
-6.453483888,11.39423905,3684.730327,364.4328219,-7.471003228,,,
-4.34854377,4.313110409,3134.401143,340.4604284,-7.288979251,,,
-3.566891377,5.695708786,821.0426586,172.1740619,-6.607944987,,,
-4.848476152,11.39478281,740.2188306,162.5134136,-6.57867095,,,
-7.928813431,2044.805226,9.78E-09,305.7443737,-1.12E-09,,,
-5.495034279,8.05787291,2824.74083,321.3670174,-7.232274461,,,
-1.843647207,8.04276063,72.99257496,45.66615758,-5.248895753,,,
-8,16.82710077,3965.634235,379.3189673,-7.405607776,,,
-8,18.3250623,3343.802291,349.2510591,-7.320426934,,,
-8,37.83716914,784.3237901,167.3599247,-6.581297924,,,
-2.733237781,3.442140408,976.4866775,187.0444627,-6.693659636,,,
-8,52.77846214,403.1039169,119.0292539,-6.237038991,,,
-0.333461522,0.531182932,3803.872584,380.115922,-8.021330554,,,
-8,19.97482249,2814.26959,320.6110682,-7.232908968,,,
-8,18.1282555,3417.111337,356.7633667,-7.481776025,,,
-2.562435351,1.924805186,2628.337337,310.3402518,-7.210645981,,,
-8,18.6359685,3233.165673,338.5626748,-7.302017501,,,
-3.781604273,2.941507768,3816.820055,374.3719662,-7.384080667,,,
-7.928813431,2044.805226,9.78E-09,305.7443737,-1.12E-09,,,
-7.928813431,2044.805226,9.78E-09,305.7443737,-1.12E-09,,,
-2.126335383,3.599755926,484.5175823,130.9893669,-6.332638638,,,
-3.379795931,4.390482311,1160.831636,205.7454252,-6.788392165,,,
-3.519465298,2.547176765,3916.159492,378.8660015,-7.411033181,,,
-3.529459691,2.847943791,3165.230709,339.067267,-7.333554542,,,
-3.254555993,2.547067944,3007.931545,331.3615314,-7.504069931,,,
-7.928813431,2044.805226,9.78E-09,305.7443737,-1.12E-09,,,
-8,17.68173034,3591.650072,365.4179307,-7.373209139,,,
-8,35.46435947,892.7868775,179.2414225,-6.647829189,,,
-1.51951116,2.189604575,710.3799939,158.8556819,-6.531996812,,,
-7.928813431,2044.805226,9.78E-09,305.7443737,-1.12E-09,,,
-7.928813431,2044.805226,9.78E-09,305.7443737,-1.12E-09,,,
-7.89393389,38.28585448,688.9557184,156.9823609,-6.51696115,,,
-8,38.32157446,764.6199457,165.5092404,-6.568129606,,,
-3.433886597,3.037379387,2523.168514,302.0926276,-7.176567803,,,
-0.879438687,0.671739716,4058.213601,382.0924696,-7.589095889,,,
-7.928813431,2044.805226,9.78E-09,305.7443737,-1.12E-09,,,
-2.897269017,2.612886734,1996.65197,268.1890602,-7.102817437,,,
-7.928813431,2044.805226,9.78E-09,305.7443737,-1.12E-09,,,
-7.928813431,2044.805226,9.78E-09,305.7443737,-1.12E-09,,,
-7.928813431,2044.805226,9.78E-09,305.7443737,-1.12E-09,,,
-7.928813431,2044.805226,9.78E-09,305.7443737,-1.12E-09,,,
-7.928813431,2044.805226,9.78E-09,305.7443737,-1.12E-09,,,
-8,17.58846385,3629.914909,365.3342747,-7.40700874,,,
-3.51271301,3.044978401,2721.320706,314.8633105,-7.212515321,,,
-7.928813431,2044.805226,9.78E-09,305.7443737,-1.12E-09,,,
-7.928813431,2044.805226,9.78E-09,305.7443737,-1.12E-09,,,
-8,18.57197014,3255.479141,342.3876355,-7.306406621,,,
-7.928813431,2044.805226,9.78E-09,305.7443737,-1.12E-09,,,
-7.928813431,2044.805226,9.78E-09,305.7443737,-1.12E-09,,,
-7.928813431,2044.805226,9.78E-09,305.7443737,-1.12E-09,,,
-7.928813431,2044.805226,9.78E-09,305.7443737,-1.12E-09,,,
-8,358.7133595,8.726662003,8.72624518,-2.438133971,,,
-7.928813431,2044.805226,9.78E-09,305.7443737,-1.12E-09,,,
-7.928813431,2044.805226,9.78E-09,305.7443737,-1.12E-09,,,
-8,289.3788146,13.40974021,12.72996522,-3.377577733,,,
-7.928813431,2044.805226,9.78E-09,305.7443737,-1.12E-09,,,
-7.928813431,2044.805226,9.78E-09,305.7443737,-1.12E-09,,,
-7.928813431,2044.805226,9.78E-09,305.7443737,-1.12E-09,,,
-7.928813431,2044.805226,9.78E-09,305.7443737,-1.12E-09,,,
-7.928813431,2044.805226,9.78E-09,305.7443737,-1.12E-09,,,
-7.928813431,2044.805226,9.78E-09,305.7443737,-1.12E-09,,,
-7.928813431,2044.805226,9.78E-09,305.7443737,-1.12E-09,,,
-7.928813431,2044.805226,9.78E-09,305.7443737,-1.12E-09,,,
-7.928813431,2044.805226,9.78E-09,305.7443737,-1.12E-09,,,
-7.928813431,2044.805226,9.78E-09,305.7443737,-1.12E-09,,,
-7.928813431,2044.805226,9.78E-09,305.7443737,-1.12E-09,,,
-7.928813431,2044.805226,9.78E-09,305.7443737,-1.12E-09,,,
-7.928813431,2044.805226,9.78E-09,305.7443737,-1.12E-09,,,
-7.928813431,2044.805226,9.78E-09,305.7443737,-1.12E-09,,,
-7.928813431,2044.805226,9.78E-09,305.7443737,-1.12E-09,,,
-7.928813431,2044.805226,9.78E-09,305.7443737,-1.12E-09,,,
-7.928813431,2044.805226,9.78E-09,305.7443737,-1.12E-09,,,
-7.928813431,2044.805226,9.78E-09,305.7443737,-1.12E-09,,,
-7.928813431,2044.805226,9.78E-09,305.7443737,-1.12E-09,,,
0.949415691,0.852962392,408.4900348,121.2836029,-6.725183286,,,
1.160870661,0.523676412,890.100189,180.2027463,-8.194940365,,,
-0.803180813,2.222579117,346.6389117,109.9880053,-6.189961913,,,
1.22755917,0.742325194,377.8164284,116.555603,-6.36827011,,,
1.287046295,0.143644285,9739.656464,545.0835531,-17.11402004,,,
2.010024626,0.10742472,7660.854121,568.5536377,-31.31547229,,,
-0.386798008,1.815431674,332.9175832,107.2611857,-6.135837105,,,
-0.233286789,0.565774579,2983.212223,328.745172,-7.49960751,,,
0.525154639,0.977999295,475.8212894,131.0042174,-6.607782043,,,
-1.207465753,3.177762176,261.3360339,94.39297781,-6.068048761,,,
1.427568607,0.940294248,202.0508176,83.24028049,-6.202704405,,,
0.590888481,0.9300079,513.952802,135.3651398,-7.063233958,,,
-2.681570613,1.273225985,6765.353289,503.1145945,-7.671947906,,,
-1.080886642,2.183383561,476.7552608,130.0199992,-6.370043148,,,
0.707020211,0.59503782,1049.95135,195.909884,-7.230481839,,,
-0.101433618,1.279687249,511.461167,134.1621882,-6.41925571,,,
-0.687211615,0.525482207,5492.726289,439.3489934,-7.965405387,,,
0.775351462,0.226033787,6927.997933,477.2247033,-13.16324913,,,
1.674835568,0.159439715,5305.762348,463.7063625,-20.67559562,,,
-2.101617848,4.023906319,379.3465493,115.4672081,-6.237312012,,,
-2.250251458,2.440235906,1299.389438,218.1017931,-7.64016074,,,
-0.567129295,0.628664047,3444.83059,356.206201,-7.897123687,,,
-0.690551721,0.513567435,5788.464133,464.673411,-8.083585914,,,
-0.380759067,0.546162438,3757.400407,371.1719463,-7.923395311,,,
-0.498941862,0.582504118,3751.194763,366.6134376,-8.089366432,,,
-0.849223939,1.509143011,809.2729989,170.5789099,-6.851261846,,,
-0.569028701,1.304080246,807.1854844,169.9317098,-6.763231916,,,
-0.483408308,0.646803182,2978.516975,329.5125303,-7.667681916,,,
-2.555522379,2.427683289,1643.536417,242.4421481,-7.078087027,,,
-1.903304891,3.59875036,387.2833481,116.6353989,-6.215128571,,,
-1.762254218,3.597987442,336.0883198,108.205231,-6.139946283,,,
-1.410757176,2.950518602,354.5595493,111.2088961,-6.289176097,,,
-1.73924926,3.866098173,305.3792692,102.9567885,-6.203139337,,,
-0.947479599,2.351318119,379.7005327,115.8549497,-6.449057863,,,
-0.582044002,0.68702097,2915.903588,328.1260367,-7.930074463,,,
0.220034213,0.335672211,5661.861653,461.557341,-11.38528123,,,
-8,48.27975501,481.7254467,130.5601436,-6.329762768,,,
-1.813097457,4.183430862,276.0874708,97.58125577,-6.105359532,,,
-0.160594902,0.543200794,3059.992729,337.8234549,-7.866938975,,,
-0.473764682,0.322064456,11928.87612,618.5951594,-9.907221655,,,
-1.394459825,2.65095223,437.1702611,123.9095905,-6.30097967,,,
-1.783173069,2.680857436,619.348546,147.811614,-6.47411867,,,
-0.542075416,0.631814962,3368.689662,349.7572991,-8.25688898,,,
-1.407790216,0.798841876,4840.284684,417.095276,-7.723434695,,,
-0.373400811,1.652746387,388.9144003,117.4004014,-6.233947815,,,
-0.968236935,2.067006846,490.8069086,132.8437165,-6.538062404,,,
-2.424903151,4.648105082,392.3045588,117.4125164,-6.219814467,,,
-0.578240974,0.515288948,5172.26417,430.4093949,-8.226852223,,,
0.047584976,0.377532224,5288.722464,444.5095177,-10.4090584,,,
-3.154558409,6.605220918,406.712258,119.8102021,-6.391390135,,,
0.066293684,0.378144559,5151.796794,432.0424479,-10.08307572,,,
-8,62.44474017,287.963585,99.69564288,-6.056887502,,,
-0.830053772,0.666704026,3994.404183,374.4846576,-8.163650482,,,
-0.575145168,0.897860584,1709.247615,248.328049,-7.315207112,,,
-2.022774048,2.521950491,926.2469884,182.8739785,-6.941779009,,,
-0.584268294,0.756474263,2448.795299,300.3070881,-7.775024772,,,
0.431367911,0.908256829,599.5334817,147.5031027,-6.665059683,,,
-1.156970676,2.02382226,606.5370314,147.8975073,-6.581148552,,,
-1.980367474,2.190385253,1131.931543,201.2341759,-6.798018453,,,
0.105349467,0.554179597,2273.21717,289.7487384,-8.006967695,,,
-0.572791855,0.595146411,3872.184991,379.5824026,-8.186235397,,,
-8,46.38356505,521.9883138,136.0484044,-6.418040264,,,
-1.084571197,2.49961528,382.3606482,117.2767245,-6.436805768,,,
-2.473713432,4.309204475,480.5596963,130.3051354,-6.343188206,,,
-1.842568339,2.150386457,1023.282617,192.640076,-6.778774296,,,
-2.831792933,4.303328666,690.1377982,157.2396659,-6.591247562,,,
-2.095517193,2.946794086,746.3612504,163.9535057,-6.772980866,,,
-0.480324198,1.606655296,475.4376124,130.0004637,-6.375307725,,,
-1.392721685,1.973690456,800.5344847,169.1032968,-6.757552922,,,
-0.027777653,0.47915259,3535.659499,360.4166198,-9.077988313,,,
-0.600090795,1.136352007,1076.653611,196.3923671,-6.860136737,,,
-0.892089825,0.614628353,5019.592685,431.4860327,-8.320173371,,,
-0.649812434,0.673452892,3252.769146,342.7850001,-7.711423992,,,
-1.108433076,1.119689177,1796.957509,256.7330365,-7.088650994,,,
-0.605324801,0.667067989,3185.652472,342.2160029,-7.988143046,,,
-0.709603139,1.918283271,407.7382029,119.6535888,-6.260144423,,,
-0.120135648,0.487513923,3712.859462,373.9529916,-8.704263831,,,
-0.258215017,0.632734854,2550.585714,306.6771414,-8.213106578,,,
-0.565509095,0.599359559,3758.737355,369.3414884,-7.811491517,,,
-0.830815669,1.47403869,795.786484,168.9751347,-6.648013857,,,
-0.566297643,0.691828165,2888.369361,327.1494948,-8.299603766,,,
-3.682763475,10.98301992,265.9933643,95.623351,-6.166254324,,,
-0.830085874,1.036355589,1647.990956,245.7000752,-7.238600401,,,
0.762140463,0.416737172,2078.231185,278.608288,-9.011173786,,,
-2.394072179,5.704320406,252.8779704,93.08731055,-5.986656497,,,
-0.884482199,1.818416926,542.164668,138.3482523,-6.40286139,,,
-0.97967675,0.639995219,4993.770487,430.9892736,-7.921887391,,,
-0.31286188,0.648373204,2457.130081,299.2031548,-7.351682554,,,
-1.753403078,1.292907563,2669.070665,314.1651938,-7.547581102,,,
-8,44.86077838,558.0105502,141.0103501,-6.436552381,,,
-0.718723552,0.786438838,2586.233003,306.6234173,-7.708652282,,,
-0.345346843,0.802808078,1617.255433,242.1364391,-6.953071789,,,
-2.530858658,4.648723928,437.4779976,124.1866623,-6.324169344,,,
-0.142539289,0.591157432,2536.080691,307.1405499,-7.662483862,,,
-0.153455549,0.444527621,4590.493373,411.5035748,-8.92162402,,,
-0.499291284,0.73880986,2269.179681,284.8373721,-7.307336401,,,
1.090149136,0.605414024,680.7179866,157.3487014,-6.934132743,,,
-0.370972912,0.619060116,2901.865802,325.8330753,-7.64606658,,,
-0.049262492,0.457245626,3948.195242,381.1641641,-9.183997696,,,
-0.433244511,0.594994113,3369.372025,357.5509737,-7.70213189,,,
-1.271683115,2.11109231,594.4970633,146.4591978,-6.438497489,,,
-0.600137419,1.917561478,363.220268,111.8086375,-6.179142467,,,
-0.726729617,0.628073073,4017.361008,378.4044832,-7.75970225,,,
0.331743541,0.307050808,5954.335229,472.5000461,-11.35486212,,,
-0.806704835,1.707835471,574.6568524,142.6916224,-6.455938678,,,
-0.487431204,0.57287341,3755.754625,372.6955089,-7.583855364,,,
-0.278765834,0.582217966,2945.614677,326.5439407,-7.464497739,,,
-0.907963022,0.595687421,5336.573353,444.1498288,-7.985112948,,,
-0.864753914,2.605296281,258.0919134,94.1307215,-6.015409136,,,
0.522430485,0.287535717,5537.644793,448.1394799,-10.92666811,,,
-0.050094868,1.307372429,475.6779558,130.6410327,-6.463400101,,,
-1.251909497,1.859923526,781.0543854,167.3035848,-6.692274471,,,
0.985624115,0.380277771,1858.505594,260.1997078,-7.473865416,,,
-1.463074926,3.790532642,224.7390658,87.55246771,-5.953059096,,,
-1.025711798,0.791577615,3297.454869,347.5249873,-7.332908531,,,
-0.915441252,1.562031657,771.3017451,165.2342015,-6.622268037,,,
0.019923351,0.414842205,4396.891643,406.7138849,-8.766565422,,,
-0.21945088,0.516734664,3545.577648,358.9049059,-7.744503964,,,
-1.123285059,3.396038431,220.5493326,86.4397276,-6.094586767,,,
-0.58984835,0.647099048,3302.386713,352.9716672,-7.696251128,,,
-0.668127503,0.681173139,3269.6814,346.988275,-7.951421099,,,
-0.612723808,1.311666257,836.920202,172.6268911,-6.80842739,,,
-1.193401086,1.618670007,1001.816157,189.7127108,-7.055036096,,,
-1.386842129,2.796137352,418.1567419,120.8727489,-6.507454912,,,
-1.878039148,3.285239522,453.0591543,126.3201852,-6.296984014,,,
-0.826999713,1.164128433,1326.866982,219.3163353,-7.189165047,,,
-8,56.16836405,355.916269,111.3851581,-6.169592855,,,
-1.045887331,0.864925015,2888.471748,327.9231115,-7.337565496,,,
-1.12712865,0.586733845,6921.321003,518.7587303,-8.607435571,,,
-0.544750205,0.484183701,5741.248413,462.6431985,-9.015940058,,,
-8,98.4461763,115.8602183,60.29003276,-5.54253048,,,
-1.203288775,2.3701317,440.0299979,125.570456,-6.286287214,,,
0.789522373,0.260833269,5129.461941,434.8921979,-11.97626199,,,
-0.691864342,0.688204036,3255.221315,342.6366865,-7.75934286,,,
-0.228682533,0.557150859,3111.76562,334.9991798,-7.86004273,,,
-1.961168339,1.315494775,3106.456335,336.9193064,-7.298311825,,,
-0.800828286,1.946757221,435.1728188,123.4968999,-6.30473818,,,
-2.324013338,1.324755933,4414.060227,403.8344578,-7.491397176,,,
-1.184355366,1.380356316,1315.780418,218.6573607,-6.936798032,,,
-1.1320677,2.506925391,395.4649676,117.3043232,-6.388888813,,,
-0.010581217,0.386962696,5222.736888,435.5861847,-9.089444522,,,
-1.916433296,3.706271968,387.0303674,116.5526392,-6.269339168,,,
-1.74195142,3.098112705,460.1676661,127.5765285,-6.34444672,,,
-0.87815337,1.956045834,502.2720162,133.6927015,-6.556881739,,,
-8,40.16703813,695.9735045,157.9617548,-6.519915358,,,
-0.398382631,0.605311192,3068.928255,335.7169022,-7.490462679,,,
-0.245515807,0.689166571,2133.395845,278.5654841,-8.111598339,,,
-0.310536621,1.974266572,254.3369459,93.01090929,-5.992352853,,,
0.833676799,0.313798374,3337.095912,352.7354439,-9.560971366,,,
-0.944664076,1.799184144,629.8594367,150.5756069,-6.677562693,,,
-0.763845842,0.705441643,3277.709249,347.9370101,-7.490180635,,,
-0.384504212,0.712587224,2250.249893,286.0072827,-7.652056238,,,
-0.929532564,0.571041269,6066.943138,461.5995656,-8.801691945,,,
-1.379797614,4.64826773,136.9410644,66.33074067,-5.641716053,,,
0.685262358,0.471671709,1746.366333,252.2616356,-8.19532984,,,
-1.343230181,2.273959915,553.7704277,140.0644756,-6.460578035,,,
0.199490913,0.326663082,6002.703794,446.0125082,-10.80645513,,,
-0.731624115,2.75299757,201.7376969,82.25716325,-5.878506228,,,
-0.444649922,0.53052077,4334.273364,398.2567825,-8.658703632,,,
-0.191082678,0.519469865,3426.364802,355.377297,-7.803815627,,,
-0.426526981,0.727107885,2214.301782,282.7812302,-7.358814136,,,
-0.29324378,0.50484607,4019.88611,377.5047516,-7.938796985,,,
-0.443174575,0.664616118,2766.890092,319.1912545,-8.105797705,,,
-1.456068747,1.022861758,3166.002926,340.1291025,-7.562822496,,,
-8,180.9386539,34.29186938,27.32021771,-4.654309111,,,
-0.612255625,0.72578218,2666.975078,311.1396806,-7.383335188,,,
1.669091623,0.590674456,392.3897278,119.2551896,-7.036052763,,,
-2.001230795,5.089198405,214.3959382,85.08073308,-5.926671873,,,
-0.558886846,0.65802926,3043.650961,335.71307,-7.388477199,,,
-1.163412735,1.065817492,2142.608366,280.2514712,-7.1753199,,,
-0.287461402,0.496048928,4088.785087,385.794956,-7.717339045,,,
-1.815514101,4.645932534,212.711067,84.70742157,-5.891842046,,,
1.308749224,0.580926066,575.931553,145.8891591,-6.801903633,,,
-0.700518153,0.761144468,2660.487694,312.0712506,-7.428215051,,,
-0.399674626,0.596871286,3225.312063,342.6354329,-7.818059834,,,
-7.623809186,60.65162725,209.5393395,83.63115908,-5.879878599,,,
-0.300075377,0.459765927,4945.82405,434.0572836,-8.986198893,,,
-0.86622705,0.754677725,3221.502538,338.0399359,-7.787778694,,,
-0.474319504,1.589158691,499.7761371,133.2484904,-6.514813975,,,
-1.061407317,2.008240419,532.8199091,138.1277918,-6.416019189,,,
0.608716057,0.293412366,4861.383206,431.8357912,-10.3149167,,,
-1.15526424,0.662204524,5691.428428,438.3597826,-8.922825025,,,
0.013077378,1.206095055,498.6780214,132.6320322,-6.373735653,,,
-0.818717964,2.345264842,336.955953,108.9150089,-6.388128398,,,
0.023823107,0.885855611,995.254653,189.5697416,-7.376000583,,,
-0.028999079,0.426851039,4389.416813,411.0042232,-8.862077948,,,
-0.402762058,0.629217002,2862.87264,324.5359094,-7.434005449,,,
-0.461023287,0.62681285,3161.116052,337.7550854,-8.17797127,,,
-0.78496464,0.623927987,4404.837351,396.2933735,-8.497596901,,,
-1.418861617,0.947346857,3452.206449,357.0013693,-7.336636941,,,
0.675045899,0.686138978,850.0348815,177.5726935,-7.41083181,,,
0.668497302,0.298341126,4435.77765,407.3198228,-10.73061992,,,
-8,126.6115516,70.04818165,44.51140724,-5.220820447,,,
-0.753257287,2.566072243,259.4338968,94.4395411,-6.191877538,,,
0.774346779,0.640979491,873.1940047,178.1596549,-7.473632145,,,
-1.802011335,2.150442483,980.8850827,188.4774123,-6.711773976,,,
-0.416864859,0.587552661,3345.414742,349.1666776,-7.806897674,,,
-1.822686889,0.834378681,6642.450775,480.8620331,-7.665247682,,,
-0.446760018,0.584521206,3536.698206,362.1887903,-7.987422584,,,
-1.954272883,1.424326222,2719.904469,314.6042236,-7.584746762,,,
-0.215867435,1.643868826,381.9082283,115.6727713,-6.651817666,,,
-0.123022699,0.492397846,3653.858651,365.7896357,-8.814036995,,,
-1.156433266,0.872441955,3214.993119,345.6887128,-7.574079445,,,
-1.503671452,1.507640761,1553.340612,238.7023723,-7.22523811,,,
-1.215074492,0.788770113,4176.913947,390.4942776,-7.827574594,,,
-0.438225638,0.546089121,4003.123224,382.2203679,-8.021226971,,,
-0.911811849,0.655201729,4441.18393,400.5406915,-7.795028076,,,
-0.417805544,0.601299951,3218.539312,342.0040796,-7.705629481,,,
-1.567237305,1.035651832,3409.168454,351.7012282,-7.473477812,,,
-0.331438417,0.56555524,3369.286119,353.5657273,-8.008886603,,,
-1.632612053,1.167158665,2811.901457,319.8865947,-7.412488572,,,
-1.923502362,1.005944812,5058.620148,426.6115278,-7.527171622,,,
-0.301236187,0.604745051,2874.39506,322.4728492,-8.168353384,,,
-0.528754189,1.906888045,386.0359248,116.3217359,-6.598250475,,,
-0.399563981,0.681695146,2439.160027,299.7796902,-7.363318278,,,
-0.698629107,1.597524228,610.7994616,148.1481091,-6.594330164,,,
-2.14000642,6.571042072,147.4020994,69.163198,-5.684604196,,,
-1.366201972,2.676001098,406.7688088,118.7486406,-6.235270877,,,
-4.22336504,11.19005813,417.4149288,121.12531,-6.268909131,,,
-0.542017267,0.695978518,2687.607988,315.7635233,-7.348022642,,,
-1.214902193,1.060538365,2345.234939,294.6150719,-7.604173172,,,
-1.600811194,3.170630428,393.3955502,116.9242682,-6.345492468,,,
-0.248698393,0.58814325,2846.618801,324.606571,-7.735180429,,,
-0.847117227,1.993287067,468.5316469,128.8870591,-6.510684335,,,
-1.447056538,1.149696787,2383.954464,295.7141535,-7.195626125,,,
-2.371831438,4.62543453,375.8054871,114.5520832,-6.259979311,,,
-1.380457019,2.321018262,551.5421394,139.8759965,-6.443842009,,,
-1.677405535,8.043919099,61.72170449,41.04553146,-5.13260766,,,
-0.54436125,0.697789137,2747.441035,316.4781468,-7.759629045,,,
-1.478182176,2.404861384,601.7062905,146.1075992,-6.622453884,,,
-0.405171764,0.721128789,2235.856104,285.8048804,-7.603405582,,,
-1.029858587,2.330333657,395.6181687,117.4055484,-6.274944532,,,
-0.507400388,1.447561862,610.6790191,147.8840684,-6.54988735,,,
-0.682799656,2.476351484,237.0743168,90.01637357,-5.951672625,,,
-0.526804996,1.687973343,454.8381009,127.5281019,-6.347583439,,,
-0.321163402,0.758899916,1821.044793,255.3655322,-7.190098148,,,
-0.307653968,2.042628843,249.9850921,93.46089222,-6.022308877,,,
-0.134765782,0.666864783,1980.955031,268.9661507,-7.496213055,,,
-1.282924223,2.120383169,660.5863566,153.131918,-7.045143777,,,
-0.796986713,1.289947871,1014.905431,191.9161964,-6.77277341,,,
-8,20.5616488,2655.923151,311.9034348,-7.202816002,,,
-0.354123919,1.682536334,386.4401182,116.7728534,-6.273026846,,,
-1.611955489,2.275208686,722.2166775,161.0921268,-6.540231096,,,
-0.550837174,0.855111852,1822.807401,256.7397226,-7.241822135,,,
-1.175132536,1.518909213,1044.278284,195.506779,-6.762478934,,,
-2.296664674,4.553763224,373.848932,114.1171257,-6.238776139,,,
-0.089781109,0.930004002,958.3749227,186.337278,-6.822626541,,,
-8,76.75222095,190.6132238,79.78782597,-5.830744858,,,
-3.663530972,8.050222402,453.5037903,126.4409399,-6.372235976,,,
-1.299859613,1.793437653,896.6150748,179.6185148,-6.851078024,,,
-1.699126234,3.943561675,273.8042785,97.11880869,-6.087005437,,,
-0.516752368,1.112921167,1064.009026,196.3469217,-7.14583625,,,
-0.422933424,0.551679123,3875.646159,377.9639638,-8.172473827,,,
-1.293681558,0.985777986,2801.496244,316.5603195,-7.487896476,,,
-0.909935243,2.291700664,370.0253377,114.5333485,-6.277399744,,,
-0.839827837,2.123002136,414.5807633,121.5443518,-6.477869697,,,
0.15814841,0.431286008,3471.206222,352.8099159,-7.92354617,,,
-0.400948123,0.678822338,2482.825146,300.6676058,-7.502682933,,,
-0.846393236,0.710230773,3574.533107,363.2921232,-7.839099997,,,
-0.471580016,0.583685322,3625.234692,370.538977,-7.906749594,,,
0.844498877,0.71342063,636.9924742,150.7850764,-6.812177519,,,
-1.473930495,0.779535466,5573.925923,435.2260761,-8.183108267,,,
-0.802563269,1.865142628,514.7903355,135.2087857,-6.612739338,,,
-1.392314544,3.383563526,268.6820416,95.88367181,-6.030369989,,,
-1.914631589,1.095108152,4237.077121,398.3378656,-7.512135996,,,
-0.364690864,0.568254267,3492.98478,360.2581332,-8.480342822,,,
-0.798289915,0.969900043,1747.492667,251.4993051,-7.08495349,,,
-0.250943725,0.541657715,3395.052075,353.6421495,-8.131425268,,,
-0.395591453,1.184059699,806.2268314,170.639921,-6.702537749,,,
-3.240668039,6.568658651,444.895856,125.1558409,-6.287911222,,,
-1.926389745,2.938564018,594.5293918,145.5079126,-6.440205616,,,
-0.169958633,0.579171151,2693.524955,313.2464471,-7.583364248,,,
-0.592921718,1.856007248,409.0692268,120.8160532,-6.334423158,,,
-0.758751341,0.605709559,4478.343167,394.1279024,-7.96299424,,,
-1.040867903,0.740196958,4000.643199,387.5348875,-7.886867881,,,
-0.556744883,1.048817882,1243.183243,213.4868142,-7.153745398,,,
-1.311789376,4.410452173,155.9538696,71.44597985,-5.816220712,,,
1.912842683,0.340086087,858.6045659,179.8347023,-8.325549494,,,
-2.677527937,4.026225177,675.4504476,155.3523811,-6.563898366,,,
-1.378008107,3.038992797,320.5844318,105.8168707,-6.130474103,,,
0.131132543,0.34766335,5697.560292,461.6987593,-10.39477447,,,
-0.441239508,0.544686081,4059.301275,380.3254628,-8.24273901,,,
-0.337528575,0.516326022,4088.349574,389.4276333,-8.682473887,,,
-0.385729261,0.518065434,4234.160601,396.527877,-8.211140622,,,
-0.317276115,0.514666273,4024.547285,390.7255568,-8.364531265,,,
-0.564586956,0.521549574,5041.842147,433.0631196,-8.811851373,,,
0.15635946,0.285779266,8199.587713,512.3321099,-11.81972999,,,
-1.023123327,0.710189099,4303.480965,403.2424527,-8.213377668,,,
0.004089277,1.118485414,646.1596241,151.8578075,-7.103508568,,,
-0.149793277,0.467721893,4118.777367,389.217039,-8.525641076,,,
1.694306766,0.064591728,32218.56103,1108.857609,-117.6806945,,,
0.978232189,0.133763911,16294.45906,952.4931519,-29.39636907,,,
2.316866168,0.237632372,1025.877453,199.9944088,-8.761451494,,,
0.594747339,0.559481674,1417.877479,229.4249657,-8.903602697,,,
0.46174654,0.877262562,636.2457627,149.9113786,-6.886930745,,,
0.768439266,0.78327115,591.0255561,145.9806132,-7.010508607,,,
-0.010213407,1.069364352,730.410219,161.3855564,-7.41791365,,,
-1.018867528,2.342738697,401.3792413,118.5341414,-6.440087065,,,
-0.148475707,1.316245842,516.9274405,134.1990723,-6.485542416,,,
-1.179883258,2.480295726,392.3749156,117.4975876,-6.222883197,,,
0.722762837,0.97804969,394.8154863,119.5760214,-6.617242199,,,
0.386628454,1.019278087,498.9277657,132.9162048,-6.506230168,,,
2.447546807,0.197341414,1245.28544,222.8993348,-11.85430595,,,
0.034247994,0.471566905,3436.722149,358.8105357,-9.339696953,,,
0.523806478,0.741719097,841.9734732,175.7400856,-7.213930376,,,
0.942184236,0.654865291,688.5793521,159.1686503,-7.022526514,,,
-0.254381497,1.661038445,363.9792623,113.612832,-6.287530568,,,
0.239632315,0.824044411,945.1531026,186.1417527,-7.738204322,,,
-0.74690531,1.589387434,616.7007718,147.7418432,-6.487841994,,,
0.040455317,0.831329713,1158.115338,204.1587716,-8.35035751,,,
2.615090911,0.680309137,74.81525208,45.77791057,-5.365577001,,,
0.145943904,1.260984439,426.4368303,122.7717761,-6.503235052,,,
-2.385838297,6.436332525,205.7207186,83.14097272,-5.901914418,,,
0.989353797,0.130925907,20329.62675,1164.506647,-34.89938765,,,
-0.224207381,1.109549901,800.4301211,170.6469663,-6.93127706,,,
-0.391705528,0.552575546,3663.264392,365.3807235,-7.582361983,,,
0.566712113,0.270529256,6030.925068,493.0722411,-12.24097414,,,
-0.091463296,1.766228703,255.243878,94.02868226,-6.024639609,,,
-8,124.5344086,72.40224942,45.43002453,-5.24342317,,,
-1.20028691,2.188973007,531.082742,138.0153949,-6.415483078,,,
0.564695895,0.89343317,563.3943445,142.3306913,-7.003471221,,,
-0.400791812,1.929489174,314.9354678,104.9473971,-6.212190655,,,
-0.271772138,0.53848224,3511.703225,358.8117765,-8.242017027,,,
-1.000966843,1.885546174,602.3648309,147.1994762,-6.601934797,,,
-0.550197922,1.694505007,469.3413534,128.6256873,-6.413639544,,,
-8,108.1853853,95.93766116,53.95497167,-5.426592639,,,
-0.972572568,0.696610416,4259.843475,394.3277772,-8.257609226,,,
-0.028322462,1.133429113,605.1376039,145.8527637,-6.515307567,,,
-0.140933512,1.190416689,611.1426093,148.1697893,-6.518907398,,,
0.126934844,0.497437261,2742.607992,318.472858,-8.045169702,,,
-1.432982923,2.873106791,388.5919285,116.5925786,-6.239390934,,,
0.285625976,1.025920973,589.1668187,145.9893327,-7.255407225,,,
-0.682072414,2.229333778,292.7178511,100.4486915,-6.082360263,,,
-0.915502535,1.914242226,520.2053752,135.393465,-6.399675858,,,
-0.620315438,0.512882791,5372.514666,435.3524301,-7.885709611,,,
-0.204734791,0.418841852,5462.687936,439.0170726,-9.398658778,,,
-1.164069143,1.776393208,771.4646383,166.4322255,-6.60592585,,,
-1.15900054,2.431922588,416.6397871,121.3741402,-6.31854764,,,
0.437368698,1.06261236,422.9556436,122.4976298,-6.317306909,,,
-0.805154633,0.604918202,4719.527316,420.39036,-8.43120295,,,
-1.147906019,2.074235962,580.3235916,143.8589867,-6.598306249,,,
-0.632564952,0.574655426,4385.439446,395.8767284,-7.976974231,,,
-0.228694434,1.166903414,745.2538868,164.2134012,-7.088631696,,,
-1.605990391,2.294563783,722.2154427,160.9741669,-6.560545316,,,
-1.278229785,1.42114703,1320.626878,218.3590937,-6.846673121,,,
0.951621893,0.53909161,1027.57251,194.5588577,-7.696893772,,,
0.558730372,0.819678789,647.5858799,153.745352,-6.782775072,,,
0.719617936,1.070364657,326.4934093,106.8914898,-6.373772854,,,
0.907367498,0.469523675,1385.647849,227.1757207,-7.983665232,,,
0.479303404,0.893725518,600.0524969,145.6109661,-6.804341659,,,
-1.212977681,2.446617513,448.5147861,126.2336382,-6.454137866,,,
-0.561940396,0.664796484,3043.650967,339.2255081,-7.633030826,,,
-0.230831763,1.35862686,532.6256607,137.2603225,-6.553661464,,,
1.816779228,0.404340514,651.7150079,155.2699516,-7.157454652,,,
0.06713982,0.516334486,2753.936719,316.1428275,-8.621913683,,,
-1.562299385,2.937031052,412.1968224,120.4410454,-6.248357358,,,
1.432844125,0.553326977,549.8280942,142.0487596,-6.856193082,,,
-0.688116557,2.269593356,283.7735047,99.08606734,-6.051746658,,,
1.814487878,0.136780973,5999.698688,478.6361921,-22.09918858,,,
-1.263852974,2.842179847,325.4025171,106.1548909,-6.125431882,,,
0.974123422,0.631879023,688.2223628,156.5700394,-6.755365001,,,
-7.928813431,2044.805226,9.78E-09,305.7443737,-1.12E-09,,,
-0.487244986,1.938573076,327.2000551,106.9005527,-6.142958988,,,
1.67881607,0.521133685,470.8798527,127.5580998,-6.769325052,,,
0.732335932,0.78073674,609.2512533,150.0296028,-6.981681523,,,
-2.770087839,11.38767914,92.42205844,52.76141172,-5.402954326,,,
0.564185242,0.78698096,712.5217728,161.1625522,-7.053990127,,,
-0.649630293,1.452286363,666.088817,153.9867418,-6.499436018,,,
0.936746669,0.528041377,1047.210758,195.859505,-7.278048188,,,
0.609281958,1.284359446,257.013882,94.1088078,-6.222641069,,,
1.152516352,0.594123346,651.0911258,154.102995,-6.895631341,,,
0.119913258,1.108856875,555.8551007,141.2430599,-6.580574858,,,
-2.46497442,1.757283037,2857.846025,320.7367865,-7.237167269,,,
0.853159562,0.921584241,385.3460053,116.835013,-6.588473704,,,
0.829666588,1.110778853,267.5560508,96.41284782,-6.166906822,,,
0.53906991,0.987093738,466.3659448,128.9162133,-6.670556258,,,
1.941838831,0.478806688,391.7507723,118.3930692,-6.541869077,,,
-8,236.4916943,22.12856271,19.47180482,-4.188594942,,,
1.116827721,0.230214093,4600.115181,413.1147109,-11.77792,,,
0.106443698,0.734769731,1259.157213,214.7803668,-6.999727932,,,
-3.217615507,5.693932445,578.9316482,143.5737581,-6.425009335,,,
-0.372707995,8.011858536,16.45557535,15.19877534,-3.742585376,,,
0.863977935,0.670615166,697.1315254,159.64325,-6.858337077,,,
0.010699244,1.076125302,662.8862811,153.2279206,-6.723339737,,,
-0.746564138,1.808974021,502.8675503,132.8608703,-6.451544854,,,
0.48725461,0.648065083,1135.821928,203.2560492,-7.521853749,,,
0.588237601,0.709181059,822.5900296,171.5500553,-6.808876911,,,
-0.376909316,0.700784511,2284.197604,289.6460586,-7.480601134,,,
1.093552369,1.054877097,225.8247207,88.55867275,-6.163802259,,,
1.127766219,0.605782125,657.0166244,154.8825457,-7.124765652,,,
0.530609249,0.604039568,1289.527093,217.6007465,-8.402768676,,,
-1.216010139,2.094892288,600.606531,145.8924803,-6.557815331,,,
1.726302935,0.489484947,507.4116819,135.202698,-7.110470419,,,
0.498998954,1.004134009,457.0924389,126.1703485,-6.443800044,,,
0.354086884,0.877544432,686.7403605,155.5128631,-6.659672722,,,
0.768425134,0.497071399,1432.851237,228.3024448,-7.924044334,,,
2.169954488,0.282055535,855.0535561,177.8369843,-7.650843161,,,
1.646746446,0.548451958,437.3736184,125.4376162,-6.622777499,,,
1.249133933,0.743062438,372.5278498,115.9426432,-6.43515685,,,
0.367980013,0.683679333,1182.894583,208.8218211,-7.881591088,,,
-3.736579322,11.07063315,274.5859361,97.17976325,-6.122027213,,,
1.980247116,1.712009854,27.18056237,22.76259343,-4.415735039,,,
0.175936831,1.150590944,502.3110944,133.9462909,-6.7105245,,,
-0.379665243,0.683139955,2374.036584,293.5725674,-7.30500081,,,
-0.158416813,1.494791801,436.9756076,125.0811353,-6.860741378,,,
-0.687481304,2.071198938,351.7872223,110.948283,-6.182213889,,,
1.600863274,0.341681775,1188.9524,209.8657107,-7.960431928,,,
-0.108360014,1.060938165,728.9326201,160.9243647,-6.5423521,,,
0.89514186,0.690114456,679.0572761,157.7351013,-7.644600894,,,
-0.099298851,1.685689865,311.8121738,104.1594199,-6.322832336,,,
2.254045922,0.30226105,684.3972564,160.2156373,-7.741814936,,,
-1.289889691,3.595171749,208.8042481,84.21946552,-5.884517864,,,
-7.928813431,2044.805226,9.78E-09,305.7443737,-1.12E-09,,,
0.195814473,0.960059919,717.1876204,160.5384808,-7.213950416,,,
-1.550176797,3.227452378,348.582109,110.005322,-6.180107994,,,
1.571557322,0.207873466,3435.406617,360.9351395,-12.52450236,,,
-1.130126882,1.855297674,732.3186255,161.874501,-6.984389946,,,
-0.75530127,0.728977182,3059.535012,334.7119647,-7.496418528,,,
-1.569192841,0.991998968,3736.822222,380.1064339,-7.542482071,,,
-1.117819577,1.775643852,772.0584769,166.7939557,-6.838220696,,,
2.047341284,0.347999128,696.0346683,162.9813181,-8.117427136,,,
-0.117574953,0.543023806,2954.1985,330.8082384,-8.050852923,,,
-0.163911943,1.541628489,405.4635499,120.0360081,-6.652589642,,,
-0.377513348,0.625852297,2880.980305,327.196357,-7.842125948,,,
0.624794261,1.844798072,125.7148308,63.63873476,-5.764415031,,,
-0.94770956,1.948012511,502.2720673,133.8129242,-6.355921604,,,
-0.57272933,0.768707023,2314.339756,288.3229991,-7.479500683,,,
0.008023442,0.569189274,2323.773291,290.262302,-7.484964561,,,
0.775194905,1.050751519,316.7108367,104.2685232,-6.310645398,,,
0.053212607,0.994282544,726.9603487,161.4018007,-6.65466809,,,
1.341169914,0.200874454,4797.851011,432.5799561,-14.69192732,,,
-1.253674129,0.852243659,3715.1701,372.8638175,-7.865923484,,,
-0.418856291,1.62378126,472.0328657,129.359206,-6.732483669,,,
0.281304896,1.106709273,478.999759,131.8080109,-6.574558819,,,
1.02791265,0.79111523,438.0672186,124.9385041,-6.846980397,,,
0.602367638,0.719259733,801.39395,170.7858154,-6.937871313,,,
-0.466788948,1.998563551,311.1705654,103.8987227,-6.175894512,,,
-7.928813431,2044.805226,9.78E-09,305.7443737,-1.12E-09,,,
1.463722515,0.156075939,6938.52632,519.7435127,-19.5866889,,,
-8,56.17574313,355.8204192,111.4608967,-6.170449583,,,
-0.795994467,2.270601149,316.6408506,104.9237525,-6.110837472,,,
0.602406802,0.726423045,814.0769982,172.7875741,-7.385649084,,,
-3.307557626,0.230704745,387585.4957,133.8619583,-15.26443681,,,
-0.564395696,0.105222015,123708.1188,2475.143325,-40.29111473,,,
-0.772565463,0.131471822,96806.03259,448.7668552,-22.05335514,,,